--
-- PostgreSQL database dump (TOTAL CONSOLIDATION)
--

SET statement_timeout = 0;
SET lock_timeout = 0;
SET idle_in_transaction_session_timeout = 0;
SET client_encoding = 'UTF8';
SET standard_conforming_strings = on;
SELECT pg_catalog.set_config('search_path', 'public', false);
SET check_function_bodies = false;
SET xmloption = content;
SET client_min_messages = warning;
SET row_security = off;

CREATE EXTENSION IF NOT EXISTS "uuid-ossp";

-- ==========================================
-- TABLE DEFINITIONS
-- ==========================================

CREATE TABLE public.asset (
    id uuid NOT NULL DEFAULT uuid_generate_v4(),
    name character varying(255) NOT NULL,
    category character varying(50) NOT NULL,
    currency character varying(10) DEFAULT 'EUR'::character varying,
    color character varying(20),
    is_archived boolean DEFAULT false,
    risk_level character varying(50),
    isin character varying(50),
    ticker character varying(50),
    description text,
    parent_asset_id uuid,
    CONSTRAINT asset_pkey PRIMARY KEY (id),
    CONSTRAINT asset_parent_fkey FOREIGN KEY (parent_asset_id) REFERENCES public.asset(id) ON DELETE SET NULL,
    CONSTRAINT asset_category_valid CHECK (category IN ('CRYPTO', 'FUND_ACTIVE', 'FUND_INDEX', 'STOCK', 'PENSION', 'CASH', 'OTHER')),
    CONSTRAINT asset_risk_level_valid CHECK (risk_level IN ('LOW', 'MEDIUM', 'HIGH'))
);

CREATE TABLE public.asset_history (
    id uuid NOT NULL DEFAULT uuid_generate_v4(),
    asset_id uuid NOT NULL,
    snapshot_date date NOT NULL,
    nav numeric(15,4),
    contribution numeric(15,4),
    participations numeric(18,8),
    liquid_nav_value numeric(15,4),
    mean_cost numeric(15,4),
    CONSTRAINT asset_history_pkey PRIMARY KEY (id),
    CONSTRAINT asset_history_asset_fkey FOREIGN KEY (asset_id) REFERENCES public.asset(id) ON DELETE CASCADE
);

CREATE UNIQUE INDEX ix_asset_history_unique_snapshot ON public.asset_history (asset_id, snapshot_date);

CREATE TABLE public.exchange_rates (
    id integer NOT NULL GENERATED ALWAYS AS IDENTITY PRIMARY KEY,
    date date NOT NULL,
    currency_pair character varying NOT NULL,
    rate numeric(18,8) NOT NULL,
    CONSTRAINT exchange_rates_unique_pair CHECK (currency_pair IN ('EUR/USD', 'USD/EUR', 'BTC/EUR', 'BTC/USD')),
    CONSTRAINT exchange_rates_unique_date_pair UNIQUE (date, currency_pair)
);

CREATE TABLE public.bitcoin_transaction (
    id uuid NOT NULL DEFAULT uuid_generate_v4(),
    asset_id uuid NOT NULL,
    transaction_date date NOT NULL,
    type character varying(20) NOT NULL,
    amount_btc numeric(18,8) NOT NULL,
    price_eur_per_btc numeric(18,8) NOT NULL,
    fees_eur numeric(10,4) DEFAULT 0,
    total_amount_eur numeric(15,4) NOT NULL,
    exchange_rate_to_eur numeric(15,8) DEFAULT 1.15,
    CONSTRAINT bitcoin_transaction_pkey PRIMARY KEY (id),
    CONSTRAINT bitcoin_transaction_asset_fkey FOREIGN KEY (asset_id) REFERENCES public.asset(id) ON DELETE CASCADE,
    CONSTRAINT bitcoin_transaction_type_valid CHECK (type IN ('BUY', 'SELL'))
);

CREATE TABLE public.stock_transaction (
    id uuid NOT NULL DEFAULT uuid_generate_v4(),
    asset_id uuid NOT NULL,
    transaction_date date NOT NULL,
    type character varying(20) NOT NULL,
    ticker character varying(50) NOT NULL,
    currency character varying(10) DEFAULT 'USD'::character varying,
    quantity numeric(18,8) NOT NULL,
    price_per_unit numeric(18,8) NOT NULL,
    fees numeric(10,4) DEFAULT 0,
    total_amount numeric(15,4) NOT NULL,
    exchange_rate_to_eur numeric(15,8) DEFAULT 1.15,
    CONSTRAINT stock_transaction_pkey PRIMARY KEY (id),
    CONSTRAINT stock_transaction_asset_fkey FOREIGN KEY (asset_id) REFERENCES public.asset(id) ON DELETE CASCADE,
    CONSTRAINT stock_transaction_type_valid CHECK (type IN ('BUY', 'SELL'))
);

-- ==========================================
-- DATA INSERTS: ASSETS
-- ==========================================

INSERT INTO public.asset (id, name, category, currency, color, is_archived, risk_level, isin, ticker, description, parent_asset_id) VALUES 
('00000000-0000-4000-8000-000000000001', 'Basalto USA', 'FUND_ACTIVE', 'EUR', '#102cb7', false, 'MEDIUM', 'ES0164691083', NULL, NULL, NULL),
('00000000-0000-4000-8000-000000000002', 'Numantia Pensiones PP', 'PENSION', 'EUR', '#e8f075', false, 'MEDIUM', '0P0001NBRZ', NULL, NULL, NULL),
('00000000-0000-4000-8000-000000000003', 'Vanguard SP500 Stock index', 'FUND_INDEX', 'EUR', '#f26464', false, 'MEDIUM', 'IE0032126645', NULL, NULL, NULL),
('00000000-0000-4000-8000-000000000004', 'Bitcoin', 'CRYPTO', 'EUR', '#f59e0b', false, 'HIGH', NULL, 'BTC-EUR', NULL, NULL),
('00000000-0000-4000-8000-000000000005', 'Cash', 'CASH', 'EUR', '#33a340', false, 'MEDIUM', NULL, NULL, NULL, NULL),
('00000000-0000-4000-8000-000000000006', 'Funds old', 'FUND_ACTIVE', 'EUR', '#fca5a5', true, 'MEDIUM', NULL, NULL, NULL, NULL),
('00000000-0000-4000-8000-000000000007', 'Broker DeGiro', 'STOCK', 'EUR', '#60a5fa', true, 'MEDIUM', NULL, NULL, NULL, NULL),
('00000000-0000-4000-8000-000000000008', 'Numantia Patrimonio', 'FUND_ACTIVE', 'EUR', '#b2b512', false, 'MEDIUM', 'ES0173311103', NULL, NULL, NULL),
('00000000-0000-4000-8000-000000000009', 'Interactive Brokers', 'STOCK', 'EUR', '#3b82f6', false, 'MEDIUM', NULL, NULL, 'Cartera de acciones individuales', NULL),
('00000000-0000-4000-8000-000000000010', 'Fidelity MSCI Emerging Markets', 'FUND_INDEX', 'EUR', '#f26464', false, 'MEDIUM', 'IE00BYX5M476', NULL, NULL, NULL),
('00000000-0000-4000-8000-000000000011', 'Vanguard European Stock Index', 'FUND_INDEX', 'EUR', '#f26464', false, 'MEDIUM', 'IE0007987690', NULL, NULL, NULL),
('00000000-0000-4000-8000-000000000012', 'Vanguard Global Small-Cap Index', 'FUND_INDEX', 'EUR', '#f26464', false, 'MEDIUM', 'IE00B42W3S00', NULL, NULL, NULL)
ON CONFLICT (id) DO NOTHING;

-- Sub-assets (Stocks)
INSERT INTO public.asset (id, name, category, currency, color, is_archived, risk_level, ticker, description, parent_asset_id) VALUES 
('11111111-0000-4000-8000-000000000001', 'Taiwan Semiconductor (TSM)', 'STOCK', 'USD', '#1f2937', false, 'MEDIUM', 'TSM', 'TSMC', '00000000-0000-4000-8000-000000000009'),
('11111111-0000-4000-8000-000000000002', 'NVIDIA Corporation (NVDA)', 'STOCK', 'USD', '#1f2937', false, 'MEDIUM', 'NVDA', 'NVIDIA', '00000000-0000-4000-8000-000000000009'),
('11111111-0000-4000-8000-000000000003', 'Tesla Inc (TSLA)', 'STOCK', 'USD', '#1f2937', false, 'HIGH', 'TSLA', 'Tesla', '00000000-0000-4000-8000-000000000009'),
('11111111-0000-4000-8000-000000000004', 'Alphabet Inc (GOOG)', 'STOCK', 'USD', '#1f2937', false, 'MEDIUM', 'GOOG', 'Alphabet', '00000000-0000-4000-8000-000000000009'),
('11111111-0000-4000-8000-000000000005', 'ASML Holding (ASML)', 'STOCK', 'USD', '#1f2937', false, 'MEDIUM', 'ASML', 'ASML', '00000000-0000-4000-8000-000000000009'),
('11111111-0000-4000-8000-000000000006', 'AMD Corporation (AMD)', 'STOCK', 'USD', '#1f2937', false, 'MEDIUM', 'AMD', 'AMD', '00000000-0000-4000-8000-000000000009'),
('11111111-0000-4000-8000-000000000007', 'MicroStrategy Inc (MSTR)', 'STOCK', 'USD', '#1f2937', false, 'MEDIUM', 'MSTR', 'MicroStrategy', '00000000-0000-4000-8000-000000000009')
ON CONFLICT (id) DO NOTHING;

-- ==========================================
-- DATA INSERTS: ASSET HISTORY (from .md)
-- ==========================================

INSERT INTO public.asset_history (asset_id, snapshot_date, nav, contribution) VALUES 
('00000000-0000-4000-8000-000000000005', '2020-01-01', 15000.0000, 0.0000),
('00000000-0000-4000-8000-000000000006', '2020-01-01', 0.0000, 0.0000),
('00000000-0000-4000-8000-000000000007', '2020-01-01', 3000.0000, 3000.0000),
('00000000-0000-4000-8000-000000000005', '2020-02-01', 15000.0000, 0.0000),
('00000000-0000-4000-8000-000000000006', '2020-02-01', 0.0000, 0.0000),
('00000000-0000-4000-8000-000000000007', '2020-02-01', 3000.0000, 0.0000),
('00000000-0000-4000-8000-000000000005', '2020-03-01', 15000.0000, 0.0000),
('00000000-0000-4000-8000-000000000006', '2020-03-01', 0.0000, 0.0000),
('00000000-0000-4000-8000-000000000007', '2020-03-01', 6000.0000, 3000.0000),
('00000000-0000-4000-8000-000000000005', '2020-04-01', 15000.0000, 0.0000),
('00000000-0000-4000-8000-000000000006', '2020-04-01', 0.0000, 0.0000),
('00000000-0000-4000-8000-000000000007', '2020-04-01', 6000.0000, 0.0000),
('00000000-0000-4000-8000-000000000005', '2020-05-01', 15000.0000, 0.0000),
('00000000-0000-4000-8000-000000000006', '2020-05-01', 2425.0000, 2000.0000),
('00000000-0000-4000-8000-000000000007', '2020-05-01', 6000.0000, 0.0000),
('00000000-0000-4000-8000-000000000005', '2020-06-01', 15000.0000, 0.0000),
('00000000-0000-4000-8000-000000000006', '2020-06-01', 2859.0000, 400.0000),
('00000000-0000-4000-8000-000000000007', '2020-06-01', 6000.0000, 0.0000),
('00000000-0000-4000-8000-000000000005', '2020-07-01', 15000.0000, 0.0000),
('00000000-0000-4000-8000-000000000006', '2020-07-01', 3251.0000, 800.0000),
('00000000-0000-4000-8000-000000000007', '2020-07-01', 9000.0000, 200.0000),
('00000000-0000-4000-8000-000000000005', '2020-08-01', 15000.0000, 0.0000),
('00000000-0000-4000-8000-000000000006', '2020-08-01', 3753.0000, 400.0000),
('00000000-0000-4000-8000-000000000007', '2020-08-01', 12000.0000, 1500.0000),
('00000000-0000-4000-8000-000000000005', '2020-09-01', 15000.0000, 0.0000),
('00000000-0000-4000-8000-000000000006', '2020-09-01', 4119.0000, 400.0000),
('00000000-0000-4000-8000-000000000007', '2020-09-01', 15500.0000, 0.0000),
('00000000-0000-4000-8000-000000000005', '2020-10-01', 19400.0000, 4400.0000),
('00000000-0000-4000-8000-000000000006', '2020-10-01', 4477.0000, 400.0000),
('00000000-0000-4000-8000-000000000007', '2020-10-01', 11100.0000, -4400.0000),
('00000000-0000-4000-8000-000000000005', '2020-11-01', 24100.0000, 4700.0000),
('00000000-0000-4000-8000-000000000006', '2020-11-01', 5139.0000, 400.0000),
('00000000-0000-4000-8000-000000000007', '2020-11-01', 6390.6000, -4700.0000),
('00000000-0000-4000-8000-000000000005', '2020-12-01', 24100.0000, 0.0000),
('00000000-0000-4000-8000-000000000006', '2020-12-01', 5582.0000, 400.0000),
('00000000-0000-4000-8000-000000000007', '2020-12-01', 6391.0000, 0.0000),
('00000000-0000-4000-8000-000000000004', '2021-01-01', 0.0000, 0.0000),
('00000000-0000-4000-8000-000000000005', '2021-01-01', 15450.0000, -8650.0000),
('00000000-0000-4000-8000-000000000006', '2021-01-01', 6019.4000, 0.0000),
('00000000-0000-4000-8000-000000000007', '2021-01-01', 46390.6000, 40000.0000),
('00000000-0000-4000-8000-000000000004', '2021-02-01', 0.0000, 0.0000),
('00000000-0000-4000-8000-000000000005', '2021-02-01', 15900.0000, 450.0000),
('00000000-0000-4000-8000-000000000006', '2021-02-01', 6497.7000, 410.0000),
('00000000-0000-4000-8000-000000000007', '2021-02-01', 45937.7000, 0.0000),
('00000000-0000-4000-8000-000000000004', '2021-03-01', 0.0000, 0.0000),
('00000000-0000-4000-8000-000000000005', '2021-03-01', 16350.0000, 450.0000),
('00000000-0000-4000-8000-000000000006', '2021-03-01', 7173.3000, 409.0000),
('00000000-0000-4000-8000-000000000007', '2021-03-01', 46522.6000, 0.0000),
('00000000-0000-4000-8000-000000000004', '2021-04-01', 0.0000, 0.0000),
('00000000-0000-4000-8000-000000000005', '2021-04-01', 16800.0000, 450.0000),
('00000000-0000-4000-8000-000000000006', '2021-04-01', 7699.5000, 410.0000),
('00000000-0000-4000-8000-000000000007', '2021-04-01', 44274.8000, 0.0000),
('00000000-0000-4000-8000-000000000004', '2021-05-01', 0.0000, 0.0000),
('00000000-0000-4000-8000-000000000005', '2021-05-01', 17250.0000, 450.0000),
('00000000-0000-4000-8000-000000000006', '2021-05-01', 8908.0000, 410.0000),
('00000000-0000-4000-8000-000000000007', '2021-05-01', 46511.9000, 0.0000),
('00000000-0000-4000-8000-000000000004', '2021-06-01', 0.0000, 0.0000),
('00000000-0000-4000-8000-000000000005', '2021-06-01', 17700.0000, 450.0000),
('00000000-0000-4000-8000-000000000006', '2021-06-01', 9954.1000, 1160.0000),
('00000000-0000-4000-8000-000000000007', '2021-06-01', 45437.4000, 0.0000),
('00000000-0000-4000-8000-000000000004', '2021-07-01', 0.0000, 0.0000),
('00000000-0000-4000-8000-000000000005', '2021-07-01', 18150.0000, 450.0000),
('00000000-0000-4000-8000-000000000006', '2021-07-01', 11327.6000, 1660.0000),
('00000000-0000-4000-8000-000000000007', '2021-07-01', 43459.2000, 0.0000),
('00000000-0000-4000-8000-000000000004', '2021-08-01', 500.0000, 500.0000),
('00000000-0000-4000-8000-000000000005', '2021-08-01', 15600.0000, 450.0000),
('00000000-0000-4000-8000-000000000006', '2021-08-01', 11670.0000, 150.0000),
('00000000-0000-4000-8000-000000000007', '2021-08-01', 45261.2000, 0.0000),
('00000000-0000-4000-8000-000000000004', '2021-09-01', 500.0000, 0.0000),
('00000000-0000-4000-8000-000000000005', '2021-09-01', 15600.0000, -2600.0000),
('00000000-0000-4000-8000-000000000006', '2021-09-01', 12269.0000, 910.0000),
('00000000-0000-4000-8000-000000000007', '2021-09-01', 43299.9000, 0.0000),
('00000000-0000-4000-8000-000000000004', '2021-10-01', 500.0000, 0.0000),
('00000000-0000-4000-8000-000000000005', '2021-10-01', 14000.0000, 0.0000),
('00000000-0000-4000-8000-000000000006', '2021-10-01', 14039.0000, 1171.0000),
('00000000-0000-4000-8000-000000000007', '2021-10-01', 46499.6000, 0.0000),
('00000000-0000-4000-8000-000000000004', '2021-11-01', 500.0000, 0.0000),
('00000000-0000-4000-8000-000000000005', '2021-11-01', 14900.0000, -2000.0000),
('00000000-0000-4000-8000-000000000006', '2021-11-01', 16321.0000, 2346.0000),
('00000000-0000-4000-8000-000000000007', '2021-11-01', 44783.2000, 0.0000),
('00000000-0000-4000-8000-000000000004', '2021-12-01', 500.0000, 0.0000),
('00000000-0000-4000-8000-000000000005', '2021-12-01', 17500.0000, 1500.0000),
('00000000-0000-4000-8000-000000000006', '2021-12-01', 14930.0000, 499.0000),
('00000000-0000-4000-8000-000000000007', '2021-12-01', 43356.0000, 0.0000),
('00000000-0000-4000-8000-000000000002', '2022-01-01', 0.0000, 0.0000),
('00000000-0000-4000-8000-000000000004', '2022-01-01', 500.0000, 0.0000),
('00000000-0000-4000-8000-000000000005', '2022-01-01', 17500.0000, 1100.0000),
('00000000-0000-4000-8000-000000000006', '2022-01-01', 15911.0000, 300.0000),
('00000000-0000-4000-8000-000000000007', '2022-01-01', 42120.0000, 0.0000),
('00000000-0000-4000-8000-000000000002', '2022-05-01', 620.0000, 620.0000),
('00000000-0000-4000-8000-000000000002', '2023-01-01', 5700.0000, 620.0000),
('00000000-0000-4000-8000-000000000005', '2023-07-01', 0.0000, -13750.0000),
('00000000-0000-4000-8000-000000000001', '2024-05-01', 45252.0000, 45252.0000),
('00000000-0000-4000-8000-000000000003', '2024-05-01', 400.0000, 400.0000),
('00000000-0000-4000-8000-000000000008', '2024-05-01', 0.0000, 0.0000),
('00000000-0000-4000-8000-000000000001', '2026-03-01', 42072.5100, 0.0000),
('00000000-0000-4000-8000-000000000010', '2026-03-01', 235.5800, 250.0000),
('00000000-0000-4000-8000-000000000011', '2026-03-01', 245.4100, 249.6700),
('00000000-0000-4000-8000-000000000012', '2026-03-01', 242.6800, 247.0000)
ON CONFLICT (asset_id, snapshot_date) DO NOTHING;

-- Detailed History 2026 (Extended Columns)
-- Uses DO UPDATE so participations/liquid_nav_value/mean_cost are always refreshed
INSERT INTO public.asset_history (asset_id, snapshot_date, nav, contribution, participations, liquid_nav_value, mean_cost) VALUES 
('00000000-0000-4000-8000-000000000002', '2026-03-01', 30593.3700, 0.0000, 2056.82170000, 14.8741, 12.9900),
('00000000-0000-4000-8000-000000000003', '2026-03-01', 13031.3600, 450.0000, 187.76000000, 71.8100, 66.4200),
('00000000-0000-4000-8000-000000000009', '2026-03-01', 3276.4000, 5667.6660, 59.26322570, 1.0000, 0.0000),
('00000000-0000-4000-8000-000000000008', '2026-03-01', 16816.0100, 300.0000, 603.15690100, 27.8800, 25.9700),
('00000000-0000-4000-8000-000000000004', '2026-03-01', 15179.1700, 601.0000, 0.26322570, 57665.9700, 73275.0000),
('00000000-0000-4000-8000-000000000009', '2026-04-01', 10322.0100, 1307.4800, 49.26322570, 1.0000, 0.0000),
('11111111-0000-4000-8000-000000000001', '2026-04-01', NULL, NULL, 1.0000, 326.8700, NULL)
ON CONFLICT (asset_id, snapshot_date) DO UPDATE SET
    nav              = EXCLUDED.nav,
    contribution     = EXCLUDED.contribution,
    participations   = EXCLUDED.participations,
    liquid_nav_value = EXCLUDED.liquid_nav_value,
    mean_cost        = EXCLUDED.mean_cost;

-- ==========================================
-- DATA INSERTS: BITCOIN TRANSACTIONS
-- ==========================================

INSERT INTO public.bitcoin_transaction (id, asset_id, transaction_date, type, amount_btc, price_eur_per_btc, fees_eur, total_amount_eur, exchange_rate_to_eur) VALUES 
(uuid_generate_v4(), '00000000-0000-4000-8000-000000000004', '2026-03-26', 'BUY', 0.00468000, 60687.00000000, 0.0000, 284.0000, 1.08000000),
(uuid_generate_v4(), '00000000-0000-4000-8000-000000000004', '2026-03-15', 'BUY', 0.00488000, 64955.00000000, 0.0000, 317.0000, 1.08000000),
(uuid_generate_v4(), '00000000-0000-4000-8000-000000000004', '2026-02-19', 'BUY', 0.00603547, 57493.45120000, 0.0000, 347.0000, 1.08000000),
(uuid_generate_v4(), '00000000-0000-4000-8000-000000000004', '2026-02-05', 'BUY', 0.00494981, 60608.38698859, 0.0000, 300.0000, 1.08000000),
(uuid_generate_v4(), '00000000-0000-4000-8000-000000000004', '2026-01-30', 'BUY', 0.00355157, 72643.92930450, 0.0000, 258.0000, 1.08000000),
(uuid_generate_v4(), '00000000-0000-4000-8000-000000000004', '2025-11-14', 'BUY', 0.00531948, 84595.00000000, 0.0000, 450.0000, 1.08000000),
(uuid_generate_v4(), '00000000-0000-4000-8000-000000000004', '2024-10-04', 'BUY', 0.01294550, 56367.00000000, 0.0000, 730.0000, 1.08000000),
(uuid_generate_v4(), '00000000-0000-4000-8000-000000000004', '2021-08-20', 'BUY', 0.01189645, 42029.00000000, 0.0000, 500.0000, 1.08000000)
ON CONFLICT (id) DO NOTHING;

-- ==========================================
-- DATA INSERTS: EXCHANGE RATES & STOCKS
-- ==========================================

INSERT INTO public.exchange_rates (date, currency_pair, rate) VALUES 
('2026-02-01', 'EUR/USD', 1.17870000),
('2026-02-05', 'EUR/USD', 1.17890000),
('2026-02-15', 'EUR/USD', 1.17650000)
ON CONFLICT DO NOTHING;

INSERT INTO public.stock_transaction (id, asset_id, transaction_date, type, ticker, currency, quantity, price_per_unit, fees, total_amount, exchange_rate_to_eur) VALUES 
(uuid_generate_v4(), '00000000-0000-4000-8000-000000000009', '2026-03-27', 'BUY', 'TSM', 'USD', 4.00000000, 326.87000000, 0.0000, 1307.4800, 1.15070000),
(uuid_generate_v4(), '00000000-0000-4000-8000-000000000009', '2026-03-27', 'BUY', 'NVDA', 'USD', 7.00000000, 167.45000000, 0.0000, 1172.1500, 1.15070000)
ON CONFLICT (id) DO NOTHING;