BEGIN;

-- 1. CREACIÓN DE ESTRUCTURA

CREATE TABLE IF NOT EXISTS Asset (
    id VARCHAR(50) PRIMARY KEY,
    name VARCHAR(255) NOT NULL,
    category VARCHAR(50) NOT NULL,
    currency VARCHAR(10) DEFAULT 'EUR',
    color VARCHAR(20),
    is_archived BOOLEAN DEFAULT false,
    risk_level VARCHAR(50),
    isin VARCHAR(50),
    ticker VARCHAR(50),
    description TEXT,
    parent_asset_id VARCHAR(50) REFERENCES Asset(id)
);

CREATE TABLE IF NOT EXISTS Asset_History (
    id VARCHAR(100) PRIMARY KEY,
    asset_id VARCHAR(50) REFERENCES Asset(id),
    snapshot_date DATE NOT NULL,
    nav NUMERIC(15, 4),
    contribution NUMERIC(15, 4),
    participations NUMERIC(18, 8),
    liquid_nav_value NUMERIC(15, 4),
    mean_cost NUMERIC(15, 4)
);

CREATE TABLE IF NOT EXISTS Transaction (
    id VARCHAR(100) PRIMARY KEY,
    asset_id VARCHAR(50) REFERENCES Asset(id),
    transaction_date DATE NOT NULL,
    type VARCHAR(20),
    ticker VARCHAR(50),
    currency VARCHAR(10) DEFAULT 'EUR',
    quantity NUMERIC(18, 8),
    price_per_unit NUMERIC(18, 8),
    fees NUMERIC(10, 4),
    total_amount NUMERIC(15, 4)
);

-- 2. INSERCIÓN DE ACTIVOS
INSERT INTO Asset (id, name, category, color, is_archived, risk_level, isin, ticker, description) VALUES ('a1', 'Basalto USA ', 'FUND_ACTIVE', '#102cb7', false, 'Moderado', 'ES0164691083', NULL, NULL) ON CONFLICT (id) DO NOTHING;
INSERT INTO Asset (id, name, category, color, is_archived, risk_level, isin, ticker, description) VALUES ('a2', 'Numantia Pensiones PP', 'PENSION', '#e8f075', false, 'Moderado', '0P0001NBRZ', NULL, NULL) ON CONFLICT (id) DO NOTHING;
INSERT INTO Asset (id, name, category, color, is_archived, risk_level, isin, ticker, description) VALUES ('a3', 'Vanguard SP500 Stock index', 'FUND_INDEX', '#f26464', false, 'Moderado', 'IE0032126645', NULL, NULL) ON CONFLICT (id) DO NOTHING;
INSERT INTO Asset (id, name, category, color, is_archived, risk_level, isin, ticker, description) VALUES ('a4', 'Bitcoin', 'CRYPTO', '#f59e0b', false, 'Medio', NULL, 'BTC-EUR', NULL) ON CONFLICT (id) DO NOTHING;
INSERT INTO Asset (id, name, category, color, is_archived, risk_level, isin, ticker, description) VALUES ('a5', 'Cash', 'CASH', '#33a340', false, 'Moderado', NULL, NULL, NULL) ON CONFLICT (id) DO NOTHING;
INSERT INTO Asset (id, name, category, color, is_archived, risk_level, isin, ticker, description) VALUES ('a6', 'Founds old', 'FUND_ACTIVE', '#fca5a5', true, 'Medio', NULL, NULL, NULL) ON CONFLICT (id) DO NOTHING;
INSERT INTO Asset (id, name, category, color, is_archived, risk_level, isin, ticker, description) VALUES ('a7', 'Broker DeGiro', 'STOCK', '#60a5fa', true, 'Medio', NULL, NULL, NULL) ON CONFLICT (id) DO NOTHING;
INSERT INTO Asset (id, name, category, color, is_archived, risk_level, isin, ticker, description) VALUES ('a8', 'Numantia Patrimonio', 'FUND_ACTIVE', '#b2b512', false, 'Moderado', 'ES0173311103', NULL, NULL) ON CONFLICT (id) DO NOTHING;
INSERT INTO Asset (id, name, category, color, is_archived, risk_level, isin, ticker, description) VALUES ('a9', 'Interactive Brokers', 'STOCK', '#3b82f6', false, 'Medio', NULL, NULL, 'Cartera de acciones individuales') ON CONFLICT (id) DO NOTHING;

INSERT INTO Asset (id, name, category, color, is_archived, risk_level, isin, ticker, description) VALUES ('a10', 'Fidelity MSCI Emerging Markets', 'FUND_INDEX', '#f26464', false, 'Moderado', 'IE00BYX5M476', NULL, NULL) ON CONFLICT (id) DO NOTHING;
INSERT INTO Asset (id, name, category, color, is_archived, risk_level, isin, ticker, description) VALUES ('a11', 'Vanguard European Stock Index ', 'FUND_INDEX', '#f26464', false, 'Moderado', 'IE0007987690', NULL, NULL) ON CONFLICT (id) DO NOTHING;
INSERT INTO Asset (id, name, category, color, is_archived, risk_level, isin, ticker, description) VALUES ('a12', 'Vanguard Global Small-Cap Index ', 'FUND_INDEX', '#f26464', false, 'Moderado', 'IE00B42W3S00', NULL, NULL) ON CONFLICT (id) DO NOTHING;

-- 3. INSERCIÓN DE HISTORIAL MENSUAL
INSERT INTO Asset_History (id, asset_id, snapshot_date, nav, contribution, participations, liquid_nav_value, mean_cost) VALUES ('h-2020-01-a5', 'a5', '2020-01-01', 15000, 0, NULL, NULL, NULL) ON CONFLICT (id) DO NOTHING;
INSERT INTO Asset_History (id, asset_id, snapshot_date, nav, contribution, participations, liquid_nav_value, mean_cost) VALUES ('h-2020-01-a6', 'a6', '2020-01-01', 0, 0, NULL, NULL, NULL) ON CONFLICT (id) DO NOTHING;
INSERT INTO Asset_History (id, asset_id, snapshot_date, nav, contribution, participations, liquid_nav_value, mean_cost) VALUES ('h-2020-01-a7', 'a7', '2020-01-01', 3000, 3000, NULL, NULL, NULL) ON CONFLICT (id) DO NOTHING;
INSERT INTO Asset_History (id, asset_id, snapshot_date, nav, contribution, participations, liquid_nav_value, mean_cost) VALUES ('h-2020-02-a5', 'a5', '2020-02-01', 15000, 0, NULL, NULL, NULL) ON CONFLICT (id) DO NOTHING;
INSERT INTO Asset_History (id, asset_id, snapshot_date, nav, contribution, participations, liquid_nav_value, mean_cost) VALUES ('h-2020-02-a6', 'a6', '2020-02-01', 0, 0, NULL, NULL, NULL) ON CONFLICT (id) DO NOTHING;
INSERT INTO Asset_History (id, asset_id, snapshot_date, nav, contribution, participations, liquid_nav_value, mean_cost) VALUES ('h-2020-02-a7', 'a7', '2020-02-01', 3000, 0, NULL, NULL, NULL) ON CONFLICT (id) DO NOTHING;
INSERT INTO Asset_History (id, asset_id, snapshot_date, nav, contribution, participations, liquid_nav_value, mean_cost) VALUES ('h-2020-03-a5', 'a5', '2020-03-01', 15000, 0, NULL, NULL, NULL) ON CONFLICT (id) DO NOTHING;
INSERT INTO Asset_History (id, asset_id, snapshot_date, nav, contribution, participations, liquid_nav_value, mean_cost) VALUES ('h-2020-03-a6', 'a6', '2020-03-01', 0, 0, NULL, NULL, NULL) ON CONFLICT (id) DO NOTHING;
INSERT INTO Asset_History (id, asset_id, snapshot_date, nav, contribution, participations, liquid_nav_value, mean_cost) VALUES ('h-2020-03-a7', 'a7', '2020-03-01', 6000, 3000, NULL, NULL, NULL) ON CONFLICT (id) DO NOTHING;
INSERT INTO Asset_History (id, asset_id, snapshot_date, nav, contribution, participations, liquid_nav_value, mean_cost) VALUES ('h-2020-04-a5', 'a5', '2020-04-01', 15000, 0, NULL, NULL, NULL) ON CONFLICT (id) DO NOTHING;
INSERT INTO Asset_History (id, asset_id, snapshot_date, nav, contribution, participations, liquid_nav_value, mean_cost) VALUES ('h-2020-04-a6', 'a6', '2020-04-01', 0, 0, NULL, NULL, NULL) ON CONFLICT (id) DO NOTHING;
INSERT INTO Asset_History (id, asset_id, snapshot_date, nav, contribution, participations, liquid_nav_value, mean_cost) VALUES ('h-2020-04-a7', 'a7', '2020-04-01', 6000, 0, NULL, NULL, NULL) ON CONFLICT (id) DO NOTHING;
INSERT INTO Asset_History (id, asset_id, snapshot_date, nav, contribution, participations, liquid_nav_value, mean_cost) VALUES ('h-2020-05-a5', 'a5', '2020-05-01', 15000, 0, NULL, NULL, NULL) ON CONFLICT (id) DO NOTHING;
INSERT INTO Asset_History (id, asset_id, snapshot_date, nav, contribution, participations, liquid_nav_value, mean_cost) VALUES ('h-2020-05-a6', 'a6', '2020-05-01', 2425, 2000, NULL, NULL, NULL) ON CONFLICT (id) DO NOTHING;
INSERT INTO Asset_History (id, asset_id, snapshot_date, nav, contribution, participations, liquid_nav_value, mean_cost) VALUES ('h-2020-05-a7', 'a7', '2020-05-01', 6000, 0, NULL, NULL, NULL) ON CONFLICT (id) DO NOTHING;
INSERT INTO Asset_History (id, asset_id, snapshot_date, nav, contribution, participations, liquid_nav_value, mean_cost) VALUES ('h-2020-06-a5', 'a5', '2020-06-01', 15000, 0, NULL, NULL, NULL) ON CONFLICT (id) DO NOTHING;
INSERT INTO Asset_History (id, asset_id, snapshot_date, nav, contribution, participations, liquid_nav_value, mean_cost) VALUES ('h-2020-06-a6', 'a6', '2020-06-01', 2859, 400, NULL, NULL, NULL) ON CONFLICT (id) DO NOTHING;
INSERT INTO Asset_History (id, asset_id, snapshot_date, nav, contribution, participations, liquid_nav_value, mean_cost) VALUES ('h-2020-06-a7', 'a7', '2020-06-01', 6000, 0, NULL, NULL, NULL) ON CONFLICT (id) DO NOTHING;
INSERT INTO Asset_History (id, asset_id, snapshot_date, nav, contribution, participations, liquid_nav_value, mean_cost) VALUES ('h-2020-07-a5', 'a5', '2020-07-01', 15000, 0, NULL, NULL, NULL) ON CONFLICT (id) DO NOTHING;
INSERT INTO Asset_History (id, asset_id, snapshot_date, nav, contribution, participations, liquid_nav_value, mean_cost) VALUES ('h-2020-07-a6', 'a6', '2020-07-01', 3251, 800, NULL, NULL, NULL) ON CONFLICT (id) DO NOTHING;
INSERT INTO Asset_History (id, asset_id, snapshot_date, nav, contribution, participations, liquid_nav_value, mean_cost) VALUES ('h-2020-07-a7', 'a7', '2020-07-01', 9000, 200, NULL, NULL, NULL) ON CONFLICT (id) DO NOTHING;
INSERT INTO Asset_History (id, asset_id, snapshot_date, nav, contribution, participations, liquid_nav_value, mean_cost) VALUES ('h-2020-08-a5', 'a5', '2020-08-01', 15000, 0, NULL, NULL, NULL) ON CONFLICT (id) DO NOTHING;
INSERT INTO Asset_History (id, asset_id, snapshot_date, nav, contribution, participations, liquid_nav_value, mean_cost) VALUES ('h-2020-08-a6', 'a6', '2020-08-01', 3753, 400, NULL, NULL, NULL) ON CONFLICT (id) DO NOTHING;
INSERT INTO Asset_History (id, asset_id, snapshot_date, nav, contribution, participations, liquid_nav_value, mean_cost) VALUES ('h-2020-08-a7', 'a7', '2020-08-01', 12000, 1500, NULL, NULL, NULL) ON CONFLICT (id) DO NOTHING;
INSERT INTO Asset_History (id, asset_id, snapshot_date, nav, contribution, participations, liquid_nav_value, mean_cost) VALUES ('h-2020-09-a5', 'a5', '2020-09-01', 15000, 0, NULL, NULL, NULL) ON CONFLICT (id) DO NOTHING;
INSERT INTO Asset_History (id, asset_id, snapshot_date, nav, contribution, participations, liquid_nav_value, mean_cost) VALUES ('h-2020-09-a6', 'a6', '2020-09-01', 4119, 400, NULL, NULL, NULL) ON CONFLICT (id) DO NOTHING;
INSERT INTO Asset_History (id, asset_id, snapshot_date, nav, contribution, participations, liquid_nav_value, mean_cost) VALUES ('h-2020-09-a7', 'a7', '2020-09-01', 15500, 0, NULL, NULL, NULL) ON CONFLICT (id) DO NOTHING;
INSERT INTO Asset_History (id, asset_id, snapshot_date, nav, contribution, participations, liquid_nav_value, mean_cost) VALUES ('h-2020-10-a5', 'a5', '2020-10-01', 19400, 4400, NULL, NULL, NULL) ON CONFLICT (id) DO NOTHING;
INSERT INTO Asset_History (id, asset_id, snapshot_date, nav, contribution, participations, liquid_nav_value, mean_cost) VALUES ('h-2020-10-a6', 'a6', '2020-10-01', 4477, 400, NULL, NULL, NULL) ON CONFLICT (id) DO NOTHING;
INSERT INTO Asset_History (id, asset_id, snapshot_date, nav, contribution, participations, liquid_nav_value, mean_cost) VALUES ('h-2020-10-a7', 'a7', '2020-10-01', 11100, -4400, NULL, NULL, NULL) ON CONFLICT (id) DO NOTHING;
INSERT INTO Asset_History (id, asset_id, snapshot_date, nav, contribution, participations, liquid_nav_value, mean_cost) VALUES ('h-2020-11-a5', 'a5', '2020-11-01', 24100, 4700, NULL, NULL, NULL) ON CONFLICT (id) DO NOTHING;
INSERT INTO Asset_History (id, asset_id, snapshot_date, nav, contribution, participations, liquid_nav_value, mean_cost) VALUES ('h-2020-11-a6', 'a6', '2020-11-01', 5139, 400, NULL, NULL, NULL) ON CONFLICT (id) DO NOTHING;
INSERT INTO Asset_History (id, asset_id, snapshot_date, nav, contribution, participations, liquid_nav_value, mean_cost) VALUES ('h-2020-11-a7', 'a7', '2020-11-01', 6390.6, -4700, NULL, NULL, NULL) ON CONFLICT (id) DO NOTHING;
INSERT INTO Asset_History (id, asset_id, snapshot_date, nav, contribution, participations, liquid_nav_value, mean_cost) VALUES ('h-2020-12-a5', 'a5', '2020-12-01', 24100, 0, NULL, NULL, NULL) ON CONFLICT (id) DO NOTHING;
INSERT INTO Asset_History (id, asset_id, snapshot_date, nav, contribution, participations, liquid_nav_value, mean_cost) VALUES ('h-2020-12-a6', 'a6', '2020-12-01', 5582, 400, NULL, NULL, NULL) ON CONFLICT (id) DO NOTHING;
INSERT INTO Asset_History (id, asset_id, snapshot_date, nav, contribution, participations, liquid_nav_value, mean_cost) VALUES ('h-2020-12-a7', 'a7', '2020-12-01', 6391, 0, NULL, NULL, NULL) ON CONFLICT (id) DO NOTHING;
INSERT INTO Asset_History (id, asset_id, snapshot_date, nav, contribution, participations, liquid_nav_value, mean_cost) VALUES ('h-2021-01-a4', 'a4', '2021-01-01', 0, 0, NULL, NULL, NULL) ON CONFLICT (id) DO NOTHING;
INSERT INTO Asset_History (id, asset_id, snapshot_date, nav, contribution, participations, liquid_nav_value, mean_cost) VALUES ('h-2021-01-a5', 'a5', '2021-01-01', 15450, -8650, NULL, NULL, NULL) ON CONFLICT (id) DO NOTHING;
INSERT INTO Asset_History (id, asset_id, snapshot_date, nav, contribution, participations, liquid_nav_value, mean_cost) VALUES ('h-2021-01-a6', 'a6', '2021-01-01', 6019.4, 0, NULL, NULL, NULL) ON CONFLICT (id) DO NOTHING;
INSERT INTO Asset_History (id, asset_id, snapshot_date, nav, contribution, participations, liquid_nav_value, mean_cost) VALUES ('h-2021-01-a7', 'a7', '2021-01-01', 46390.6, 40000, NULL, NULL, NULL) ON CONFLICT (id) DO NOTHING;
INSERT INTO Asset_History (id, asset_id, snapshot_date, nav, contribution, participations, liquid_nav_value, mean_cost) VALUES ('h-2021-02-a4', 'a4', '2021-02-01', 0, 0, NULL, NULL, NULL) ON CONFLICT (id) DO NOTHING;
INSERT INTO Asset_History (id, asset_id, snapshot_date, nav, contribution, participations, liquid_nav_value, mean_cost) VALUES ('h-2021-02-a5', 'a5', '2021-02-01', 15900, 450, NULL, NULL, NULL) ON CONFLICT (id) DO NOTHING;
INSERT INTO Asset_History (id, asset_id, snapshot_date, nav, contribution, participations, liquid_nav_value, mean_cost) VALUES ('h-2021-02-a6', 'a6', '2021-02-01', 6497.7, 410, NULL, NULL, NULL) ON CONFLICT (id) DO NOTHING;
INSERT INTO Asset_History (id, asset_id, snapshot_date, nav, contribution, participations, liquid_nav_value, mean_cost) VALUES ('h-2021-02-a7', 'a7', '2021-02-01', 45937.7, 0, NULL, NULL, NULL) ON CONFLICT (id) DO NOTHING;
INSERT INTO Asset_History (id, asset_id, snapshot_date, nav, contribution, participations, liquid_nav_value, mean_cost) VALUES ('h-2021-03-a4', 'a4', '2021-03-01', 0, 0, NULL, NULL, NULL) ON CONFLICT (id) DO NOTHING;
INSERT INTO Asset_History (id, asset_id, snapshot_date, nav, contribution, participations, liquid_nav_value, mean_cost) VALUES ('h-2021-03-a5', 'a5', '2021-03-01', 16350, 450, NULL, NULL, NULL) ON CONFLICT (id) DO NOTHING;
INSERT INTO Asset_History (id, asset_id, snapshot_date, nav, contribution, participations, liquid_nav_value, mean_cost) VALUES ('h-2021-03-a6', 'a6', '2021-03-01', 7173.3, 409, NULL, NULL, NULL) ON CONFLICT (id) DO NOTHING;
INSERT INTO Asset_History (id, asset_id, snapshot_date, nav, contribution, participations, liquid_nav_value, mean_cost) VALUES ('h-2021-03-a7', 'a7', '2021-03-01', 46522.6, 0, NULL, NULL, NULL) ON CONFLICT (id) DO NOTHING;
INSERT INTO Asset_History (id, asset_id, snapshot_date, nav, contribution, participations, liquid_nav_value, mean_cost) VALUES ('h-2021-04-a4', 'a4', '2021-04-01', 0, 0, NULL, NULL, NULL) ON CONFLICT (id) DO NOTHING;
INSERT INTO Asset_History (id, asset_id, snapshot_date, nav, contribution, participations, liquid_nav_value, mean_cost) VALUES ('h-2021-04-a5', 'a5', '2021-04-01', 16800, 450, NULL, NULL, NULL) ON CONFLICT (id) DO NOTHING;
INSERT INTO Asset_History (id, asset_id, snapshot_date, nav, contribution, participations, liquid_nav_value, mean_cost) VALUES ('h-2021-04-a6', 'a6', '2021-04-01', 7699.5, 410, NULL, NULL, NULL) ON CONFLICT (id) DO NOTHING;
INSERT INTO Asset_History (id, asset_id, snapshot_date, nav, contribution, participations, liquid_nav_value, mean_cost) VALUES ('h-2021-04-a7', 'a7', '2021-04-01', 44274.8, 0, NULL, NULL, NULL) ON CONFLICT (id) DO NOTHING;
INSERT INTO Asset_History (id, asset_id, snapshot_date, nav, contribution, participations, liquid_nav_value, mean_cost) VALUES ('h-2021-05-a4', 'a4', '2021-05-01', 0, 0, NULL, NULL, NULL) ON CONFLICT (id) DO NOTHING;
INSERT INTO Asset_History (id, asset_id, snapshot_date, nav, contribution, participations, liquid_nav_value, mean_cost) VALUES ('h-2021-05-a5', 'a5', '2021-05-01', 17250, 450, NULL, NULL, NULL) ON CONFLICT (id) DO NOTHING;
INSERT INTO Asset_History (id, asset_id, snapshot_date, nav, contribution, participations, liquid_nav_value, mean_cost) VALUES ('h-2021-05-a6', 'a6', '2021-05-01', 8908, 410, NULL, NULL, NULL) ON CONFLICT (id) DO NOTHING;
INSERT INTO Asset_History (id, asset_id, snapshot_date, nav, contribution, participations, liquid_nav_value, mean_cost) VALUES ('h-2021-05-a7', 'a7', '2021-05-01', 46511.9, 0, NULL, NULL, NULL) ON CONFLICT (id) DO NOTHING;
INSERT INTO Asset_History (id, asset_id, snapshot_date, nav, contribution, participations, liquid_nav_value, mean_cost) VALUES ('h-2021-06-a4', 'a4', '2021-06-01', 0, 0, NULL, NULL, NULL) ON CONFLICT (id) DO NOTHING;
INSERT INTO Asset_History (id, asset_id, snapshot_date, nav, contribution, participations, liquid_nav_value, mean_cost) VALUES ('h-2021-06-a5', 'a5', '2021-06-01', 17700, 450, NULL, NULL, NULL) ON CONFLICT (id) DO NOTHING;
INSERT INTO Asset_History (id, asset_id, snapshot_date, nav, contribution, participations, liquid_nav_value, mean_cost) VALUES ('h-2021-06-a6', 'a6', '2021-06-01', 9954.1, 1160, NULL, NULL, NULL) ON CONFLICT (id) DO NOTHING;
INSERT INTO Asset_History (id, asset_id, snapshot_date, nav, contribution, participations, liquid_nav_value, mean_cost) VALUES ('h-2021-06-a7', 'a7', '2021-06-01', 45437.4, 0, NULL, NULL, NULL) ON CONFLICT (id) DO NOTHING;
INSERT INTO Asset_History (id, asset_id, snapshot_date, nav, contribution, participations, liquid_nav_value, mean_cost) VALUES ('h-2021-07-a4', 'a4', '2021-07-01', 0, 0, NULL, NULL, NULL) ON CONFLICT (id) DO NOTHING;
INSERT INTO Asset_History (id, asset_id, snapshot_date, nav, contribution, participations, liquid_nav_value, mean_cost) VALUES ('h-2021-07-a5', 'a5', '2021-07-01', 18150, 450, NULL, NULL, NULL) ON CONFLICT (id) DO NOTHING;
INSERT INTO Asset_History (id, asset_id, snapshot_date, nav, contribution, participations, liquid_nav_value, mean_cost) VALUES ('h-2021-07-a6', 'a6', '2021-07-01', 11327.6, 1660, NULL, NULL, NULL) ON CONFLICT (id) DO NOTHING;
INSERT INTO Asset_History (id, asset_id, snapshot_date, nav, contribution, participations, liquid_nav_value, mean_cost) VALUES ('h-2021-07-a7', 'a7', '2021-07-01', 43459.2, 0, NULL, NULL, NULL) ON CONFLICT (id) DO NOTHING;
INSERT INTO Asset_History (id, asset_id, snapshot_date, nav, contribution, participations, liquid_nav_value, mean_cost) VALUES ('h-2021-08-a4', 'a4', '2021-08-01', 500, 500, NULL, NULL, NULL) ON CONFLICT (id) DO NOTHING;
INSERT INTO Asset_History (id, asset_id, snapshot_date, nav, contribution, participations, liquid_nav_value, mean_cost) VALUES ('h-2021-08-a5', 'a5', '2021-08-01', 15600, 450, NULL, NULL, NULL) ON CONFLICT (id) DO NOTHING;
INSERT INTO Asset_History (id, asset_id, snapshot_date, nav, contribution, participations, liquid_nav_value, mean_cost) VALUES ('h-2021-08-a6', 'a6', '2021-08-01', 11670, 150, NULL, NULL, NULL) ON CONFLICT (id) DO NOTHING;
INSERT INTO Asset_History (id, asset_id, snapshot_date, nav, contribution, participations, liquid_nav_value, mean_cost) VALUES ('h-2021-08-a7', 'a7', '2021-08-01', 45261.2, 0, NULL, NULL, NULL) ON CONFLICT (id) DO NOTHING;
INSERT INTO Asset_History (id, asset_id, snapshot_date, nav, contribution, participations, liquid_nav_value, mean_cost) VALUES ('h-2021-09-a4', 'a4', '2021-09-01', 500, 0, NULL, NULL, NULL) ON CONFLICT (id) DO NOTHING;
INSERT INTO Asset_History (id, asset_id, snapshot_date, nav, contribution, participations, liquid_nav_value, mean_cost) VALUES ('h-2021-09-a5', 'a5', '2021-09-01', 15600, -2600, NULL, NULL, NULL) ON CONFLICT (id) DO NOTHING;
INSERT INTO Asset_History (id, asset_id, snapshot_date, nav, contribution, participations, liquid_nav_value, mean_cost) VALUES ('h-2021-09-a6', 'a6', '2021-09-01', 12269, 910, NULL, NULL, NULL) ON CONFLICT (id) DO NOTHING;
INSERT INTO Asset_History (id, asset_id, snapshot_date, nav, contribution, participations, liquid_nav_value, mean_cost) VALUES ('h-2021-09-a7', 'a7', '2021-09-01', 43299.9, 0, NULL, NULL, NULL) ON CONFLICT (id) DO NOTHING;
INSERT INTO Asset_History (id, asset_id, snapshot_date, nav, contribution, participations, liquid_nav_value, mean_cost) VALUES ('h-2021-10-a4', 'a4', '2021-10-01', 500, 0, NULL, NULL, NULL) ON CONFLICT (id) DO NOTHING;
INSERT INTO Asset_History (id, asset_id, snapshot_date, nav, contribution, participations, liquid_nav_value, mean_cost) VALUES ('h-2021-10-a5', 'a5', '2021-10-01', 14000, 0, NULL, NULL, NULL) ON CONFLICT (id) DO NOTHING;
INSERT INTO Asset_History (id, asset_id, snapshot_date, nav, contribution, participations, liquid_nav_value, mean_cost) VALUES ('h-2021-10-a6', 'a6', '2021-10-01', 14039, 1171, NULL, NULL, NULL) ON CONFLICT (id) DO NOTHING;
INSERT INTO Asset_History (id, asset_id, snapshot_date, nav, contribution, participations, liquid_nav_value, mean_cost) VALUES ('h-2021-10-a7', 'a7', '2021-10-01', 46499.6, 0, NULL, NULL, NULL) ON CONFLICT (id) DO NOTHING;
INSERT INTO Asset_History (id, asset_id, snapshot_date, nav, contribution, participations, liquid_nav_value, mean_cost) VALUES ('h-2021-11-a4', 'a4', '2021-11-01', 500, 0, NULL, NULL, NULL) ON CONFLICT (id) DO NOTHING;
INSERT INTO Asset_History (id, asset_id, snapshot_date, nav, contribution, participations, liquid_nav_value, mean_cost) VALUES ('h-2021-11-a5', 'a5', '2021-11-01', 14900, -2000, NULL, NULL, NULL) ON CONFLICT (id) DO NOTHING;
INSERT INTO Asset_History (id, asset_id, snapshot_date, nav, contribution, participations, liquid_nav_value, mean_cost) VALUES ('h-2021-11-a6', 'a6', '2021-11-01', 16321, 2346, NULL, NULL, NULL) ON CONFLICT (id) DO NOTHING;
INSERT INTO Asset_History (id, asset_id, snapshot_date, nav, contribution, participations, liquid_nav_value, mean_cost) VALUES ('h-2021-11-a7', 'a7', '2021-11-01', 44783.2, 0, NULL, NULL, NULL) ON CONFLICT (id) DO NOTHING;
INSERT INTO Asset_History (id, asset_id, snapshot_date, nav, contribution, participations, liquid_nav_value, mean_cost) VALUES ('h-2021-12-a4', 'a4', '2021-12-01', 500, 0, NULL, NULL, NULL) ON CONFLICT (id) DO NOTHING;
INSERT INTO Asset_History (id, asset_id, snapshot_date, nav, contribution, participations, liquid_nav_value, mean_cost) VALUES ('h-2021-12-a5', 'a5', '2021-12-01', 17500, 1500, NULL, NULL, NULL) ON CONFLICT (id) DO NOTHING;
INSERT INTO Asset_History (id, asset_id, snapshot_date, nav, contribution, participations, liquid_nav_value, mean_cost) VALUES ('h-2021-12-a6', 'a6', '2021-12-01', 14930, 499, NULL, NULL, NULL) ON CONFLICT (id) DO NOTHING;
INSERT INTO Asset_History (id, asset_id, snapshot_date, nav, contribution, participations, liquid_nav_value, mean_cost) VALUES ('h-2021-12-a7', 'a7', '2021-12-01', 43356, 0, NULL, NULL, NULL) ON CONFLICT (id) DO NOTHING;
INSERT INTO Asset_History (id, asset_id, snapshot_date, nav, contribution, participations, liquid_nav_value, mean_cost) VALUES ('h-2022-01-a2', 'a2', '2022-01-01', 0, 0, NULL, NULL, NULL) ON CONFLICT (id) DO NOTHING;
INSERT INTO Asset_History (id, asset_id, snapshot_date, nav, contribution, participations, liquid_nav_value, mean_cost) VALUES ('h-2022-01-a4', 'a4', '2022-01-01', 500, 0, NULL, NULL, NULL) ON CONFLICT (id) DO NOTHING;
INSERT INTO Asset_History (id, asset_id, snapshot_date, nav, contribution, participations, liquid_nav_value, mean_cost) VALUES ('h-2022-01-a5', 'a5', '2022-01-01', 17500, 1100, NULL, NULL, NULL) ON CONFLICT (id) DO NOTHING;
INSERT INTO Asset_History (id, asset_id, snapshot_date, nav, contribution, participations, liquid_nav_value, mean_cost) VALUES ('h-2022-01-a6', 'a6', '2022-01-01', 15911, 300, NULL, NULL, NULL) ON CONFLICT (id) DO NOTHING;
INSERT INTO Asset_History (id, asset_id, snapshot_date, nav, contribution, participations, liquid_nav_value, mean_cost) VALUES ('h-2022-01-a7', 'a7', '2022-01-01', 42120, 0, NULL, NULL, NULL) ON CONFLICT (id) DO NOTHING;
INSERT INTO Asset_History (id, asset_id, snapshot_date, nav, contribution, participations, liquid_nav_value, mean_cost) VALUES ('h-2022-02-a2', 'a2', '2022-02-01', 0, 0, NULL, NULL, NULL) ON CONFLICT (id) DO NOTHING;
INSERT INTO Asset_History (id, asset_id, snapshot_date, nav, contribution, participations, liquid_nav_value, mean_cost) VALUES ('h-2022-02-a4', 'a4', '2022-02-01', 500, 0, NULL, NULL, NULL) ON CONFLICT (id) DO NOTHING;
INSERT INTO Asset_History (id, asset_id, snapshot_date, nav, contribution, participations, liquid_nav_value, mean_cost) VALUES ('h-2022-02-a5', 'a5', '2022-02-01', 18500, 1000, NULL, NULL, NULL) ON CONFLICT (id) DO NOTHING;
INSERT INTO Asset_History (id, asset_id, snapshot_date, nav, contribution, participations, liquid_nav_value, mean_cost) VALUES ('h-2022-02-a6', 'a6', '2022-02-01', 16098, 300, NULL, NULL, NULL) ON CONFLICT (id) DO NOTHING;
INSERT INTO Asset_History (id, asset_id, snapshot_date, nav, contribution, participations, liquid_nav_value, mean_cost) VALUES ('h-2022-02-a7', 'a7', '2022-02-01', 41805, 0, NULL, NULL, NULL) ON CONFLICT (id) DO NOTHING;
INSERT INTO Asset_History (id, asset_id, snapshot_date, nav, contribution, participations, liquid_nav_value, mean_cost) VALUES ('h-2022-03-a2', 'a2', '2022-03-01', 0, 0, NULL, NULL, NULL) ON CONFLICT (id) DO NOTHING;
INSERT INTO Asset_History (id, asset_id, snapshot_date, nav, contribution, participations, liquid_nav_value, mean_cost) VALUES ('h-2022-03-a4', 'a4', '2022-03-01', 500, 0, NULL, NULL, NULL) ON CONFLICT (id) DO NOTHING;
INSERT INTO Asset_History (id, asset_id, snapshot_date, nav, contribution, participations, liquid_nav_value, mean_cost) VALUES ('h-2022-03-a5', 'a5', '2022-03-01', 21400, 1400, NULL, NULL, NULL) ON CONFLICT (id) DO NOTHING;
INSERT INTO Asset_History (id, asset_id, snapshot_date, nav, contribution, participations, liquid_nav_value, mean_cost) VALUES ('h-2022-03-a6', 'a6', '2022-03-01', 17913, 300, NULL, NULL, NULL) ON CONFLICT (id) DO NOTHING;
INSERT INTO Asset_History (id, asset_id, snapshot_date, nav, contribution, participations, liquid_nav_value, mean_cost) VALUES ('h-2022-03-a7', 'a7', '2022-03-01', 42703, 0, NULL, NULL, NULL) ON CONFLICT (id) DO NOTHING;
INSERT INTO Asset_History (id, asset_id, snapshot_date, nav, contribution, participations, liquid_nav_value, mean_cost) VALUES ('h-2022-04-a2', 'a2', '2022-04-01', 0, 0, NULL, NULL, NULL) ON CONFLICT (id) DO NOTHING;
INSERT INTO Asset_History (id, asset_id, snapshot_date, nav, contribution, participations, liquid_nav_value, mean_cost) VALUES ('h-2022-04-a4', 'a4', '2022-04-01', 500, 0, NULL, NULL, NULL) ON CONFLICT (id) DO NOTHING;
INSERT INTO Asset_History (id, asset_id, snapshot_date, nav, contribution, participations, liquid_nav_value, mean_cost) VALUES ('h-2022-04-a5', 'a5', '2022-04-01', 21400, 1400, NULL, NULL, NULL) ON CONFLICT (id) DO NOTHING;
INSERT INTO Asset_History (id, asset_id, snapshot_date, nav, contribution, participations, liquid_nav_value, mean_cost) VALUES ('h-2022-04-a6', 'a6', '2022-04-01', 17127, 300, NULL, NULL, NULL) ON CONFLICT (id) DO NOTHING;
INSERT INTO Asset_History (id, asset_id, snapshot_date, nav, contribution, participations, liquid_nav_value, mean_cost) VALUES ('h-2022-04-a7', 'a7', '2022-04-01', 44096, 0, NULL, NULL, NULL) ON CONFLICT (id) DO NOTHING;
INSERT INTO Asset_History (id, asset_id, snapshot_date, nav, contribution, participations, liquid_nav_value, mean_cost) VALUES ('h-2022-05-a2', 'a2', '2022-05-01', 620, 620, NULL, NULL, NULL) ON CONFLICT (id) DO NOTHING;
INSERT INTO Asset_History (id, asset_id, snapshot_date, nav, contribution, participations, liquid_nav_value, mean_cost) VALUES ('h-2022-05-a4', 'a4', '2022-05-01', 500, 0, NULL, NULL, NULL) ON CONFLICT (id) DO NOTHING;
INSERT INTO Asset_History (id, asset_id, snapshot_date, nav, contribution, participations, liquid_nav_value, mean_cost) VALUES ('h-2022-05-a5', 'a5', '2022-05-01', 23006, 1400, NULL, NULL, NULL) ON CONFLICT (id) DO NOTHING;
INSERT INTO Asset_History (id, asset_id, snapshot_date, nav, contribution, participations, liquid_nav_value, mean_cost) VALUES ('h-2022-05-a6', 'a6', '2022-05-01', 16950, 300, NULL, NULL, NULL) ON CONFLICT (id) DO NOTHING;
INSERT INTO Asset_History (id, asset_id, snapshot_date, nav, contribution, participations, liquid_nav_value, mean_cost) VALUES ('h-2022-05-a7', 'a7', '2022-05-01', 43640, 0, NULL, NULL, NULL) ON CONFLICT (id) DO NOTHING;
INSERT INTO Asset_History (id, asset_id, snapshot_date, nav, contribution, participations, liquid_nav_value, mean_cost) VALUES ('h-2022-06-a2', 'a2', '2022-06-01', 1240, 620, NULL, NULL, NULL) ON CONFLICT (id) DO NOTHING;
INSERT INTO Asset_History (id, asset_id, snapshot_date, nav, contribution, participations, liquid_nav_value, mean_cost) VALUES ('h-2022-06-a4', 'a4', '2022-06-01', 500, 0, NULL, NULL, NULL) ON CONFLICT (id) DO NOTHING;
INSERT INTO Asset_History (id, asset_id, snapshot_date, nav, contribution, participations, liquid_nav_value, mean_cost) VALUES ('h-2022-06-a5', 'a5', '2022-06-01', 24007, 1400, NULL, NULL, NULL) ON CONFLICT (id) DO NOTHING;
INSERT INTO Asset_History (id, asset_id, snapshot_date, nav, contribution, participations, liquid_nav_value, mean_cost) VALUES ('h-2022-06-a6', 'a6', '2022-06-01', 16385, 300, NULL, NULL, NULL) ON CONFLICT (id) DO NOTHING;
INSERT INTO Asset_History (id, asset_id, snapshot_date, nav, contribution, participations, liquid_nav_value, mean_cost) VALUES ('h-2022-06-a7', 'a7', '2022-06-01', 44694, 0, NULL, NULL, NULL) ON CONFLICT (id) DO NOTHING;
INSERT INTO Asset_History (id, asset_id, snapshot_date, nav, contribution, participations, liquid_nav_value, mean_cost) VALUES ('h-2022-07-a2', 'a2', '2022-07-01', 1878, 620, NULL, NULL, NULL) ON CONFLICT (id) DO NOTHING;
INSERT INTO Asset_History (id, asset_id, snapshot_date, nav, contribution, participations, liquid_nav_value, mean_cost) VALUES ('h-2022-07-a4', 'a4', '2022-07-01', 500, 0, NULL, NULL, NULL) ON CONFLICT (id) DO NOTHING;
INSERT INTO Asset_History (id, asset_id, snapshot_date, nav, contribution, participations, liquid_nav_value, mean_cost) VALUES ('h-2022-07-a5', 'a5', '2022-07-01', 24808, 800, NULL, NULL, NULL) ON CONFLICT (id) DO NOTHING;
INSERT INTO Asset_History (id, asset_id, snapshot_date, nav, contribution, participations, liquid_nav_value, mean_cost) VALUES ('h-2022-07-a6', 'a6', '2022-07-01', 17727, 0, NULL, NULL, NULL) ON CONFLICT (id) DO NOTHING;
INSERT INTO Asset_History (id, asset_id, snapshot_date, nav, contribution, participations, liquid_nav_value, mean_cost) VALUES ('h-2022-07-a7', 'a7', '2022-07-01', 45530, 0, NULL, NULL, NULL) ON CONFLICT (id) DO NOTHING;
INSERT INTO Asset_History (id, asset_id, snapshot_date, nav, contribution, participations, liquid_nav_value, mean_cost) VALUES ('h-2022-08-a2', 'a2', '2022-08-01', 2480, 620, NULL, NULL, NULL) ON CONFLICT (id) DO NOTHING;
INSERT INTO Asset_History (id, asset_id, snapshot_date, nav, contribution, participations, liquid_nav_value, mean_cost) VALUES ('h-2022-08-a4', 'a4', '2022-08-01', 500, 0, NULL, NULL, NULL) ON CONFLICT (id) DO NOTHING;
INSERT INTO Asset_History (id, asset_id, snapshot_date, nav, contribution, participations, liquid_nav_value, mean_cost) VALUES ('h-2022-08-a5', 'a5', '2022-08-01', 25509, 700, NULL, NULL, NULL) ON CONFLICT (id) DO NOTHING;
INSERT INTO Asset_History (id, asset_id, snapshot_date, nav, contribution, participations, liquid_nav_value, mean_cost) VALUES ('h-2022-08-a6', 'a6', '2022-08-01', 18062, 0, NULL, NULL, NULL) ON CONFLICT (id) DO NOTHING;
INSERT INTO Asset_History (id, asset_id, snapshot_date, nav, contribution, participations, liquid_nav_value, mean_cost) VALUES ('h-2022-08-a7', 'a7', '2022-08-01', 46790, 0, NULL, NULL, NULL) ON CONFLICT (id) DO NOTHING;
INSERT INTO Asset_History (id, asset_id, snapshot_date, nav, contribution, participations, liquid_nav_value, mean_cost) VALUES ('h-2022-09-a2', 'a2', '2022-09-01', 3027, 620, NULL, NULL, NULL) ON CONFLICT (id) DO NOTHING;
INSERT INTO Asset_History (id, asset_id, snapshot_date, nav, contribution, participations, liquid_nav_value, mean_cost) VALUES ('h-2022-09-a4', 'a4', '2022-09-01', 500, 0, NULL, NULL, NULL) ON CONFLICT (id) DO NOTHING;
INSERT INTO Asset_History (id, asset_id, snapshot_date, nav, contribution, participations, liquid_nav_value, mean_cost) VALUES ('h-2022-09-a5', 'a5', '2022-09-01', 27511, 2000, NULL, NULL, NULL) ON CONFLICT (id) DO NOTHING;
INSERT INTO Asset_History (id, asset_id, snapshot_date, nav, contribution, participations, liquid_nav_value, mean_cost) VALUES ('h-2022-09-a6', 'a6', '2022-09-01', 16670, 0, NULL, NULL, NULL) ON CONFLICT (id) DO NOTHING;
INSERT INTO Asset_History (id, asset_id, snapshot_date, nav, contribution, participations, liquid_nav_value, mean_cost) VALUES ('h-2022-09-a7', 'a7', '2022-09-01', 47340, 0, NULL, NULL, NULL) ON CONFLICT (id) DO NOTHING;
INSERT INTO Asset_History (id, asset_id, snapshot_date, nav, contribution, participations, liquid_nav_value, mean_cost) VALUES ('h-2022-10-a2', 'a2', '2022-10-01', 3647, 620, NULL, NULL, NULL) ON CONFLICT (id) DO NOTHING;
INSERT INTO Asset_History (id, asset_id, snapshot_date, nav, contribution, participations, liquid_nav_value, mean_cost) VALUES ('h-2022-10-a4', 'a4', '2022-10-01', 720, 220, NULL, NULL, NULL) ON CONFLICT (id) DO NOTHING;
INSERT INTO Asset_History (id, asset_id, snapshot_date, nav, contribution, participations, liquid_nav_value, mean_cost) VALUES ('h-2022-10-a5', 'a5', '2022-10-01', 29013, 1500, NULL, NULL, NULL) ON CONFLICT (id) DO NOTHING;
INSERT INTO Asset_History (id, asset_id, snapshot_date, nav, contribution, participations, liquid_nav_value, mean_cost) VALUES ('h-2022-10-a6', 'a6', '2022-10-01', 16193, 0, NULL, NULL, NULL) ON CONFLICT (id) DO NOTHING;
INSERT INTO Asset_History (id, asset_id, snapshot_date, nav, contribution, participations, liquid_nav_value, mean_cost) VALUES ('h-2022-10-a7', 'a7', '2022-10-01', 46196, 0, NULL, NULL, NULL) ON CONFLICT (id) DO NOTHING;
INSERT INTO Asset_History (id, asset_id, snapshot_date, nav, contribution, participations, liquid_nav_value, mean_cost) VALUES ('h-2022-11-a2', 'a2', '2022-11-01', 4330, 620, NULL, NULL, NULL) ON CONFLICT (id) DO NOTHING;
INSERT INTO Asset_History (id, asset_id, snapshot_date, nav, contribution, participations, liquid_nav_value, mean_cost) VALUES ('h-2022-11-a4', 'a4', '2022-11-01', 720, 0, NULL, NULL, NULL) ON CONFLICT (id) DO NOTHING;
INSERT INTO Asset_History (id, asset_id, snapshot_date, nav, contribution, participations, liquid_nav_value, mean_cost) VALUES ('h-2022-11-a5', 'a5', '2022-11-01', 37042, 8000, NULL, NULL, NULL) ON CONFLICT (id) DO NOTHING;
INSERT INTO Asset_History (id, asset_id, snapshot_date, nav, contribution, participations, liquid_nav_value, mean_cost) VALUES ('h-2022-11-a6', 'a6', '2022-11-01', 16417, 0, NULL, NULL, NULL) ON CONFLICT (id) DO NOTHING;
INSERT INTO Asset_History (id, asset_id, snapshot_date, nav, contribution, participations, liquid_nav_value, mean_cost) VALUES ('h-2022-11-a7', 'a7', '2022-11-01', 38700, -6000, NULL, NULL, NULL) ON CONFLICT (id) DO NOTHING;
INSERT INTO Asset_History (id, asset_id, snapshot_date, nav, contribution, participations, liquid_nav_value, mean_cost) VALUES ('h-2022-12-a2', 'a2', '2022-12-01', 5011, 745, NULL, NULL, NULL) ON CONFLICT (id) DO NOTHING;
INSERT INTO Asset_History (id, asset_id, snapshot_date, nav, contribution, participations, liquid_nav_value, mean_cost) VALUES ('h-2022-12-a4', 'a4', '2022-12-01', 720, 0, NULL, NULL, NULL) ON CONFLICT (id) DO NOTHING;
INSERT INTO Asset_History (id, asset_id, snapshot_date, nav, contribution, participations, liquid_nav_value, mean_cost) VALUES ('h-2022-12-a5', 'a5', '2022-12-01', 39068, 2000, NULL, NULL, NULL) ON CONFLICT (id) DO NOTHING;
INSERT INTO Asset_History (id, asset_id, snapshot_date, nav, contribution, participations, liquid_nav_value, mean_cost) VALUES ('h-2022-12-a6', 'a6', '2022-12-01', 16024, 0, NULL, NULL, NULL) ON CONFLICT (id) DO NOTHING;
INSERT INTO Asset_History (id, asset_id, snapshot_date, nav, contribution, participations, liquid_nav_value, mean_cost) VALUES ('h-2022-12-a7', 'a7', '2022-12-01', 38030, 0, NULL, NULL, NULL) ON CONFLICT (id) DO NOTHING;
INSERT INTO Asset_History (id, asset_id, snapshot_date, nav, contribution, participations, liquid_nav_value, mean_cost) VALUES ('h-2023-01-a2', 'a2', '2023-01-01', 5700, 620, NULL, NULL, NULL) ON CONFLICT (id) DO NOTHING;
INSERT INTO Asset_History (id, asset_id, snapshot_date, nav, contribution, participations, liquid_nav_value, mean_cost) VALUES ('h-2023-01-a4', 'a4', '2023-01-01', 720, 0, NULL, NULL, NULL) ON CONFLICT (id) DO NOTHING;
INSERT INTO Asset_History (id, asset_id, snapshot_date, nav, contribution, participations, liquid_nav_value, mean_cost) VALUES ('h-2023-01-a5', 'a5', '2023-01-01', 41090, 2000, NULL, NULL, NULL) ON CONFLICT (id) DO NOTHING;
INSERT INTO Asset_History (id, asset_id, snapshot_date, nav, contribution, participations, liquid_nav_value, mean_cost) VALUES ('h-2023-01-a6', 'a6', '2023-01-01', 16040, 0, NULL, NULL, NULL) ON CONFLICT (id) DO NOTHING;
INSERT INTO Asset_History (id, asset_id, snapshot_date, nav, contribution, participations, liquid_nav_value, mean_cost) VALUES ('h-2023-01-a7', 'a7', '2023-01-01', 38000, 0, NULL, NULL, NULL) ON CONFLICT (id) DO NOTHING;
INSERT INTO Asset_History (id, asset_id, snapshot_date, nav, contribution, participations, liquid_nav_value, mean_cost) VALUES ('h-2023-02-a2', 'a2', '2023-02-01', 6290, 620, NULL, NULL, NULL) ON CONFLICT (id) DO NOTHING;
INSERT INTO Asset_History (id, asset_id, snapshot_date, nav, contribution, participations, liquid_nav_value, mean_cost) VALUES ('h-2023-02-a4', 'a4', '2023-02-01', 720, 0, NULL, NULL, NULL) ON CONFLICT (id) DO NOTHING;
INSERT INTO Asset_History (id, asset_id, snapshot_date, nav, contribution, participations, liquid_nav_value, mean_cost) VALUES ('h-2023-02-a5', 'a5', '2023-02-01', 43130, 2000, NULL, NULL, NULL) ON CONFLICT (id) DO NOTHING;
INSERT INTO Asset_History (id, asset_id, snapshot_date, nav, contribution, participations, liquid_nav_value, mean_cost) VALUES ('h-2023-02-a6', 'a6', '2023-02-01', 15960, 0, NULL, NULL, NULL) ON CONFLICT (id) DO NOTHING;
INSERT INTO Asset_History (id, asset_id, snapshot_date, nav, contribution, participations, liquid_nav_value, mean_cost) VALUES ('h-2023-02-a7', 'a7', '2023-02-01', 37700, 0, NULL, NULL, NULL) ON CONFLICT (id) DO NOTHING;
INSERT INTO Asset_History (id, asset_id, snapshot_date, nav, contribution, participations, liquid_nav_value, mean_cost) VALUES ('h-2023-03-a2', 'a2', '2023-03-01', 6850, 620, NULL, NULL, NULL) ON CONFLICT (id) DO NOTHING;
INSERT INTO Asset_History (id, asset_id, snapshot_date, nav, contribution, participations, liquid_nav_value, mean_cost) VALUES ('h-2023-03-a4', 'a4', '2023-03-01', 720, 0, NULL, NULL, NULL) ON CONFLICT (id) DO NOTHING;
INSERT INTO Asset_History (id, asset_id, snapshot_date, nav, contribution, participations, liquid_nav_value, mean_cost) VALUES ('h-2023-03-a5', 'a5', '2023-03-01', 9800, -33400, NULL, NULL, NULL) ON CONFLICT (id) DO NOTHING;
INSERT INTO Asset_History (id, asset_id, snapshot_date, nav, contribution, participations, liquid_nav_value, mean_cost) VALUES ('h-2023-03-a6', 'a6', '2023-03-01', 50100, 34000, NULL, NULL, NULL) ON CONFLICT (id) DO NOTHING;
INSERT INTO Asset_History (id, asset_id, snapshot_date, nav, contribution, participations, liquid_nav_value, mean_cost) VALUES ('h-2023-03-a7', 'a7', '2023-03-01', 37200, 0, NULL, NULL, NULL) ON CONFLICT (id) DO NOTHING;
INSERT INTO Asset_History (id, asset_id, snapshot_date, nav, contribution, participations, liquid_nav_value, mean_cost) VALUES ('h-2023-04-a2', 'a2', '2023-04-01', 7500, 620, NULL, NULL, NULL) ON CONFLICT (id) DO NOTHING;
INSERT INTO Asset_History (id, asset_id, snapshot_date, nav, contribution, participations, liquid_nav_value, mean_cost) VALUES ('h-2023-04-a4', 'a4', '2023-04-01', 720, 0, NULL, NULL, NULL) ON CONFLICT (id) DO NOTHING;
INSERT INTO Asset_History (id, asset_id, snapshot_date, nav, contribution, participations, liquid_nav_value, mean_cost) VALUES ('h-2023-04-a5', 'a5', '2023-04-01', 11200, 1400, NULL, NULL, NULL) ON CONFLICT (id) DO NOTHING;
INSERT INTO Asset_History (id, asset_id, snapshot_date, nav, contribution, participations, liquid_nav_value, mean_cost) VALUES ('h-2023-04-a6', 'a6', '2023-04-01', 50200, 0, NULL, NULL, NULL) ON CONFLICT (id) DO NOTHING;
INSERT INTO Asset_History (id, asset_id, snapshot_date, nav, contribution, participations, liquid_nav_value, mean_cost) VALUES ('h-2023-04-a7', 'a7', '2023-04-01', 36700, 0, NULL, NULL, NULL) ON CONFLICT (id) DO NOTHING;
INSERT INTO Asset_History (id, asset_id, snapshot_date, nav, contribution, participations, liquid_nav_value, mean_cost) VALUES ('h-2023-05-a2', 'a2', '2023-05-01', 8130, 620, NULL, NULL, NULL) ON CONFLICT (id) DO NOTHING;
INSERT INTO Asset_History (id, asset_id, snapshot_date, nav, contribution, participations, liquid_nav_value, mean_cost) VALUES ('h-2023-05-a4', 'a4', '2023-05-01', 720, 0, NULL, NULL, NULL) ON CONFLICT (id) DO NOTHING;
INSERT INTO Asset_History (id, asset_id, snapshot_date, nav, contribution, participations, liquid_nav_value, mean_cost) VALUES ('h-2023-05-a5', 'a5', '2023-05-01', 12210, 1000, NULL, NULL, NULL) ON CONFLICT (id) DO NOTHING;
INSERT INTO Asset_History (id, asset_id, snapshot_date, nav, contribution, participations, liquid_nav_value, mean_cost) VALUES ('h-2023-05-a6', 'a6', '2023-05-01', 50310, 0, NULL, NULL, NULL) ON CONFLICT (id) DO NOTHING;
INSERT INTO Asset_History (id, asset_id, snapshot_date, nav, contribution, participations, liquid_nav_value, mean_cost) VALUES ('h-2023-05-a7', 'a7', '2023-05-01', 36700, 0, NULL, NULL, NULL) ON CONFLICT (id) DO NOTHING;
INSERT INTO Asset_History (id, asset_id, snapshot_date, nav, contribution, participations, liquid_nav_value, mean_cost) VALUES ('h-2023-06-a2', 'a2', '2023-06-01', 8775, 620, NULL, NULL, NULL) ON CONFLICT (id) DO NOTHING;
INSERT INTO Asset_History (id, asset_id, snapshot_date, nav, contribution, participations, liquid_nav_value, mean_cost) VALUES ('h-2023-06-a4', 'a4', '2023-06-01', 720, 0, NULL, NULL, NULL) ON CONFLICT (id) DO NOTHING;
INSERT INTO Asset_History (id, asset_id, snapshot_date, nav, contribution, participations, liquid_nav_value, mean_cost) VALUES ('h-2023-06-a5', 'a5', '2023-06-01', 13730, 1500, NULL, NULL, NULL) ON CONFLICT (id) DO NOTHING;
INSERT INTO Asset_History (id, asset_id, snapshot_date, nav, contribution, participations, liquid_nav_value, mean_cost) VALUES ('h-2023-06-a6', 'a6', '2023-06-01', 50450, 0, NULL, NULL, NULL) ON CONFLICT (id) DO NOTHING;
INSERT INTO Asset_History (id, asset_id, snapshot_date, nav, contribution, participations, liquid_nav_value, mean_cost) VALUES ('h-2023-06-a7', 'a7', '2023-06-01', 36700, 0, NULL, NULL, NULL) ON CONFLICT (id) DO NOTHING;
INSERT INTO Asset_History (id, asset_id, snapshot_date, nav, contribution, participations, liquid_nav_value, mean_cost) VALUES ('h-2023-07-a2', 'a2', '2023-07-01', 9496, 620, NULL, NULL, NULL) ON CONFLICT (id) DO NOTHING;
INSERT INTO Asset_History (id, asset_id, snapshot_date, nav, contribution, participations, liquid_nav_value, mean_cost) VALUES ('h-2023-07-a4', 'a4', '2023-07-01', 720, 0, NULL, NULL, NULL) ON CONFLICT (id) DO NOTHING;
INSERT INTO Asset_History (id, asset_id, snapshot_date, nav, contribution, participations, liquid_nav_value, mean_cost) VALUES ('h-2023-07-a5', 'a5', '2023-07-01', 0, -13750, NULL, NULL, NULL) ON CONFLICT (id) DO NOTHING;
INSERT INTO Asset_History (id, asset_id, snapshot_date, nav, contribution, participations, liquid_nav_value, mean_cost) VALUES ('h-2023-07-a6', 'a6', '2023-07-01', 20580, -30000, NULL, NULL, NULL) ON CONFLICT (id) DO NOTHING;
INSERT INTO Asset_History (id, asset_id, snapshot_date, nav, contribution, participations, liquid_nav_value, mean_cost) VALUES ('h-2023-07-a7', 'a7', '2023-07-01', 37000, 0, NULL, NULL, NULL) ON CONFLICT (id) DO NOTHING;
INSERT INTO Asset_History (id, asset_id, snapshot_date, nav, contribution, participations, liquid_nav_value, mean_cost) VALUES ('h-2023-08-a2', 'a2', '2023-08-01', 10075, 620, NULL, NULL, NULL) ON CONFLICT (id) DO NOTHING;
INSERT INTO Asset_History (id, asset_id, snapshot_date, nav, contribution, participations, liquid_nav_value, mean_cost) VALUES ('h-2023-08-a4', 'a4', '2023-08-01', 880, 159, NULL, NULL, NULL) ON CONFLICT (id) DO NOTHING;
INSERT INTO Asset_History (id, asset_id, snapshot_date, nav, contribution, participations, liquid_nav_value, mean_cost) VALUES ('h-2023-08-a5', 'a5', '2023-08-01', 1500, 1500, NULL, NULL, NULL) ON CONFLICT (id) DO NOTHING;
INSERT INTO Asset_History (id, asset_id, snapshot_date, nav, contribution, participations, liquid_nav_value, mean_cost) VALUES ('h-2023-08-a6', 'a6', '2023-08-01', 20673, 0, NULL, NULL, NULL) ON CONFLICT (id) DO NOTHING;
INSERT INTO Asset_History (id, asset_id, snapshot_date, nav, contribution, participations, liquid_nav_value, mean_cost) VALUES ('h-2023-08-a7', 'a7', '2023-08-01', 35900, 0, NULL, NULL, NULL) ON CONFLICT (id) DO NOTHING;
INSERT INTO Asset_History (id, asset_id, snapshot_date, nav, contribution, participations, liquid_nav_value, mean_cost) VALUES ('h-2023-09-a2', 'a2', '2023-09-01', 10667, 620, NULL, NULL, NULL) ON CONFLICT (id) DO NOTHING;
INSERT INTO Asset_History (id, asset_id, snapshot_date, nav, contribution, participations, liquid_nav_value, mean_cost) VALUES ('h-2023-09-a4', 'a4', '2023-09-01', 880, 0, NULL, NULL, NULL) ON CONFLICT (id) DO NOTHING;
INSERT INTO Asset_History (id, asset_id, snapshot_date, nav, contribution, participations, liquid_nav_value, mean_cost) VALUES ('h-2023-09-a5', 'a5', '2023-09-01', 3500, 2000, NULL, NULL, NULL) ON CONFLICT (id) DO NOTHING;
INSERT INTO Asset_History (id, asset_id, snapshot_date, nav, contribution, participations, liquid_nav_value, mean_cost) VALUES ('h-2023-09-a6', 'a6', '2023-09-01', 20730, 0, NULL, NULL, NULL) ON CONFLICT (id) DO NOTHING;
INSERT INTO Asset_History (id, asset_id, snapshot_date, nav, contribution, participations, liquid_nav_value, mean_cost) VALUES ('h-2023-09-a7', 'a7', '2023-09-01', 35430, 0, NULL, NULL, NULL) ON CONFLICT (id) DO NOTHING;
INSERT INTO Asset_History (id, asset_id, snapshot_date, nav, contribution, participations, liquid_nav_value, mean_cost) VALUES ('h-2023-10-a2', 'a2', '2023-10-01', 11327, 632, NULL, NULL, NULL) ON CONFLICT (id) DO NOTHING;
INSERT INTO Asset_History (id, asset_id, snapshot_date, nav, contribution, participations, liquid_nav_value, mean_cost) VALUES ('h-2023-10-a4', 'a4', '2023-10-01', 880, 0, NULL, NULL, NULL) ON CONFLICT (id) DO NOTHING;
INSERT INTO Asset_History (id, asset_id, snapshot_date, nav, contribution, participations, liquid_nav_value, mean_cost) VALUES ('h-2023-10-a5', 'a5', '2023-10-01', 1500, -2000, NULL, NULL, NULL) ON CONFLICT (id) DO NOTHING;
INSERT INTO Asset_History (id, asset_id, snapshot_date, nav, contribution, participations, liquid_nav_value, mean_cost) VALUES ('h-2023-10-a6', 'a6', '2023-10-01', 20800, 0, NULL, NULL, NULL) ON CONFLICT (id) DO NOTHING;
INSERT INTO Asset_History (id, asset_id, snapshot_date, nav, contribution, participations, liquid_nav_value, mean_cost) VALUES ('h-2023-10-a7', 'a7', '2023-10-01', 35000, 0, NULL, NULL, NULL) ON CONFLICT (id) DO NOTHING;
INSERT INTO Asset_History (id, asset_id, snapshot_date, nav, contribution, participations, liquid_nav_value, mean_cost) VALUES ('h-2023-11-a2', 'a2', '2023-11-01', 12053, 632, NULL, NULL, NULL) ON CONFLICT (id) DO NOTHING;
INSERT INTO Asset_History (id, asset_id, snapshot_date, nav, contribution, participations, liquid_nav_value, mean_cost) VALUES ('h-2023-11-a4', 'a4', '2023-11-01', 880, 0, NULL, NULL, NULL) ON CONFLICT (id) DO NOTHING;
INSERT INTO Asset_History (id, asset_id, snapshot_date, nav, contribution, participations, liquid_nav_value, mean_cost) VALUES ('h-2023-11-a5', 'a5', '2023-11-01', 3300, 1800, NULL, NULL, NULL) ON CONFLICT (id) DO NOTHING;
INSERT INTO Asset_History (id, asset_id, snapshot_date, nav, contribution, participations, liquid_nav_value, mean_cost) VALUES ('h-2023-11-a6', 'a6', '2023-11-01', 20870, 0, NULL, NULL, NULL) ON CONFLICT (id) DO NOTHING;
INSERT INTO Asset_History (id, asset_id, snapshot_date, nav, contribution, participations, liquid_nav_value, mean_cost) VALUES ('h-2023-11-a7', 'a7', '2023-11-01', 34310, 0, NULL, NULL, NULL) ON CONFLICT (id) DO NOTHING;
INSERT INTO Asset_History (id, asset_id, snapshot_date, nav, contribution, participations, liquid_nav_value, mean_cost) VALUES ('h-2023-12-a2', 'a2', '2023-12-01', 12900, 632, NULL, NULL, NULL) ON CONFLICT (id) DO NOTHING;
INSERT INTO Asset_History (id, asset_id, snapshot_date, nav, contribution, participations, liquid_nav_value, mean_cost) VALUES ('h-2023-12-a4', 'a4', '2023-12-01', 880, 0, NULL, NULL, NULL) ON CONFLICT (id) DO NOTHING;
INSERT INTO Asset_History (id, asset_id, snapshot_date, nav, contribution, participations, liquid_nav_value, mean_cost) VALUES ('h-2023-12-a5', 'a5', '2023-12-01', 5000, 2700, NULL, NULL, NULL) ON CONFLICT (id) DO NOTHING;
INSERT INTO Asset_History (id, asset_id, snapshot_date, nav, contribution, participations, liquid_nav_value, mean_cost) VALUES ('h-2023-12-a6', 'a6', '2023-12-01', 20930, 0, NULL, NULL, NULL) ON CONFLICT (id) DO NOTHING;
INSERT INTO Asset_History (id, asset_id, snapshot_date, nav, contribution, participations, liquid_nav_value, mean_cost) VALUES ('h-2023-12-a7', 'a7', '2023-12-01', 35320, 0, NULL, NULL, NULL) ON CONFLICT (id) DO NOTHING;
INSERT INTO Asset_History (id, asset_id, snapshot_date, nav, contribution, participations, liquid_nav_value, mean_cost) VALUES ('h-2024-01-a2', 'a2', '2024-01-01', 13563, 643, NULL, NULL, NULL) ON CONFLICT (id) DO NOTHING;
INSERT INTO Asset_History (id, asset_id, snapshot_date, nav, contribution, participations, liquid_nav_value, mean_cost) VALUES ('h-2024-01-a4', 'a4', '2024-01-01', 2600, 500, NULL, NULL, NULL) ON CONFLICT (id) DO NOTHING;
INSERT INTO Asset_History (id, asset_id, snapshot_date, nav, contribution, participations, liquid_nav_value, mean_cost) VALUES ('h-2024-01-a5', 'a5', '2024-01-01', 3000, -2000, NULL, NULL, NULL) ON CONFLICT (id) DO NOTHING;
INSERT INTO Asset_History (id, asset_id, snapshot_date, nav, contribution, participations, liquid_nav_value, mean_cost) VALUES ('h-2024-01-a6', 'a6', '2024-01-01', 21000, 0, NULL, NULL, NULL) ON CONFLICT (id) DO NOTHING;
INSERT INTO Asset_History (id, asset_id, snapshot_date, nav, contribution, participations, liquid_nav_value, mean_cost) VALUES ('h-2024-01-a7', 'a7', '2024-01-01', 36800, 0, NULL, NULL, NULL) ON CONFLICT (id) DO NOTHING;
INSERT INTO Asset_History (id, asset_id, snapshot_date, nav, contribution, participations, liquid_nav_value, mean_cost) VALUES ('h-2024-02-a2', 'a2', '2024-02-01', 14243, 643, NULL, NULL, NULL) ON CONFLICT (id) DO NOTHING;
INSERT INTO Asset_History (id, asset_id, snapshot_date, nav, contribution, participations, liquid_nav_value, mean_cost) VALUES ('h-2024-02-a4', 'a4', '2024-02-01', 2600, 0, NULL, NULL, NULL) ON CONFLICT (id) DO NOTHING;
INSERT INTO Asset_History (id, asset_id, snapshot_date, nav, contribution, participations, liquid_nav_value, mean_cost) VALUES ('h-2024-02-a5', 'a5', '2024-02-01', 7000, 3000, NULL, NULL, NULL) ON CONFLICT (id) DO NOTHING;
INSERT INTO Asset_History (id, asset_id, snapshot_date, nav, contribution, participations, liquid_nav_value, mean_cost) VALUES ('h-2024-02-a6', 'a6', '2024-02-01', 21070, 0, NULL, NULL, NULL) ON CONFLICT (id) DO NOTHING;
INSERT INTO Asset_History (id, asset_id, snapshot_date, nav, contribution, participations, liquid_nav_value, mean_cost) VALUES ('h-2024-02-a7', 'a7', '2024-02-01', 39180, 0, NULL, NULL, NULL) ON CONFLICT (id) DO NOTHING;
INSERT INTO Asset_History (id, asset_id, snapshot_date, nav, contribution, participations, liquid_nav_value, mean_cost) VALUES ('h-2024-03-a2', 'a2', '2024-03-01', 15035, 643, NULL, NULL, NULL) ON CONFLICT (id) DO NOTHING;
INSERT INTO Asset_History (id, asset_id, snapshot_date, nav, contribution, participations, liquid_nav_value, mean_cost) VALUES ('h-2024-03-a4', 'a4', '2024-03-01', 4200, 442, NULL, NULL, NULL) ON CONFLICT (id) DO NOTHING;
INSERT INTO Asset_History (id, asset_id, snapshot_date, nav, contribution, participations, liquid_nav_value, mean_cost) VALUES ('h-2024-03-a5', 'a5', '2024-03-01', 6000, -1000, NULL, NULL, NULL) ON CONFLICT (id) DO NOTHING;
INSERT INTO Asset_History (id, asset_id, snapshot_date, nav, contribution, participations, liquid_nav_value, mean_cost) VALUES ('h-2024-03-a6', 'a6', '2024-03-01', 45000, 24400, NULL, NULL, NULL) ON CONFLICT (id) DO NOTHING;
INSERT INTO Asset_History (id, asset_id, snapshot_date, nav, contribution, participations, liquid_nav_value, mean_cost) VALUES ('h-2024-03-a7', 'a7', '2024-03-01', 0, -39180, NULL, NULL, NULL) ON CONFLICT (id) DO NOTHING;
INSERT INTO Asset_History (id, asset_id, snapshot_date, nav, contribution, participations, liquid_nav_value, mean_cost) VALUES ('h-2024-04-a2', 'a2', '2024-04-01', 15747, 650, NULL, NULL, NULL) ON CONFLICT (id) DO NOTHING;
INSERT INTO Asset_History (id, asset_id, snapshot_date, nav, contribution, participations, liquid_nav_value, mean_cost) VALUES ('h-2024-04-a4', 'a4', '2024-04-01', 3725, 0, NULL, NULL, NULL) ON CONFLICT (id) DO NOTHING;
INSERT INTO Asset_History (id, asset_id, snapshot_date, nav, contribution, participations, liquid_nav_value, mean_cost) VALUES ('h-2024-04-a5', 'a5', '2024-04-01', 0, -6000, NULL, NULL, NULL) ON CONFLICT (id) DO NOTHING;
INSERT INTO Asset_History (id, asset_id, snapshot_date, nav, contribution, participations, liquid_nav_value, mean_cost) VALUES ('h-2024-04-a6', 'a6', '2024-04-01', 45138, 0, NULL, NULL, NULL) ON CONFLICT (id) DO NOTHING;
INSERT INTO Asset_History (id, asset_id, snapshot_date, nav, contribution, participations, liquid_nav_value, mean_cost) VALUES ('h-2024-04-a7', 'a7', '2024-04-01', 0, 0, NULL, NULL, NULL) ON CONFLICT (id) DO NOTHING;
INSERT INTO Asset_History (id, asset_id, snapshot_date, nav, contribution, participations, liquid_nav_value, mean_cost) VALUES ('h-2024-05-a1', 'a1', '2024-05-01', 45252, 45252, NULL, NULL, NULL) ON CONFLICT (id) DO NOTHING;
INSERT INTO Asset_History (id, asset_id, snapshot_date, nav, contribution, participations, liquid_nav_value, mean_cost) VALUES ('h-2024-05-a2', 'a2', '2024-05-01', 16457, 650, NULL, NULL, NULL) ON CONFLICT (id) DO NOTHING;
INSERT INTO Asset_History (id, asset_id, snapshot_date, nav, contribution, participations, liquid_nav_value, mean_cost) VALUES ('h-2024-05-a3', 'a3', '2024-05-01', 400, 400, NULL, NULL, NULL) ON CONFLICT (id) DO NOTHING;
INSERT INTO Asset_History (id, asset_id, snapshot_date, nav, contribution, participations, liquid_nav_value, mean_cost) VALUES ('h-2024-05-a4', 'a4', '2024-05-01', 3700, 0, NULL, NULL, NULL) ON CONFLICT (id) DO NOTHING;
INSERT INTO Asset_History (id, asset_id, snapshot_date, nav, contribution, participations, liquid_nav_value, mean_cost) VALUES ('h-2024-05-a5', 'a5', '2024-05-01', 1000, 1000, NULL, NULL, NULL) ON CONFLICT (id) DO NOTHING;
INSERT INTO Asset_History (id, asset_id, snapshot_date, nav, contribution, participations, liquid_nav_value, mean_cost) VALUES ('h-2024-05-a6', 'a6', '2024-05-01', 0, -45252, NULL, NULL, NULL) ON CONFLICT (id) DO NOTHING;
INSERT INTO Asset_History (id, asset_id, snapshot_date, nav, contribution, participations, liquid_nav_value, mean_cost) VALUES ('h-2024-05-a8', 'a8', '2024-05-01', 0, 0, NULL, NULL, NULL) ON CONFLICT (id) DO NOTHING;
INSERT INTO Asset_History (id, asset_id, snapshot_date, nav, contribution, participations, liquid_nav_value, mean_cost) VALUES ('h-2024-06-a1', 'a1', '2024-06-01', 45975, 0, NULL, NULL, NULL) ON CONFLICT (id) DO NOTHING;
INSERT INTO Asset_History (id, asset_id, snapshot_date, nav, contribution, participations, liquid_nav_value, mean_cost) VALUES ('h-2024-06-a2', 'a2', '2024-06-01', 17340, 650, NULL, NULL, NULL) ON CONFLICT (id) DO NOTHING;
INSERT INTO Asset_History (id, asset_id, snapshot_date, nav, contribution, participations, liquid_nav_value, mean_cost) VALUES ('h-2024-06-a3', 'a3', '2024-06-01', 832, 400, NULL, NULL, NULL) ON CONFLICT (id) DO NOTHING;
INSERT INTO Asset_History (id, asset_id, snapshot_date, nav, contribution, participations, liquid_nav_value, mean_cost) VALUES ('h-2024-06-a4', 'a4', '2024-06-01', 3725, 0, NULL, NULL, NULL) ON CONFLICT (id) DO NOTHING;
INSERT INTO Asset_History (id, asset_id, snapshot_date, nav, contribution, participations, liquid_nav_value, mean_cost) VALUES ('h-2024-06-a5', 'a5', '2024-06-01', 2000, 0, NULL, NULL, NULL) ON CONFLICT (id) DO NOTHING;
INSERT INTO Asset_History (id, asset_id, snapshot_date, nav, contribution, participations, liquid_nav_value, mean_cost) VALUES ('h-2024-06-a8', 'a8', '2024-06-01', 0, 0, NULL, NULL, NULL) ON CONFLICT (id) DO NOTHING;
INSERT INTO Asset_History (id, asset_id, snapshot_date, nav, contribution, participations, liquid_nav_value, mean_cost) VALUES ('h-2024-07-a1', 'a1', '2024-07-01', 45196, 0, NULL, NULL, NULL) ON CONFLICT (id) DO NOTHING;
INSERT INTO Asset_History (id, asset_id, snapshot_date, nav, contribution, participations, liquid_nav_value, mean_cost) VALUES ('h-2024-07-a2', 'a2', '2024-07-01', 17892, 650, NULL, NULL, NULL) ON CONFLICT (id) DO NOTHING;
INSERT INTO Asset_History (id, asset_id, snapshot_date, nav, contribution, participations, liquid_nav_value, mean_cost) VALUES ('h-2024-07-a3', 'a3', '2024-07-01', 1230, 400, NULL, NULL, NULL) ON CONFLICT (id) DO NOTHING;
INSERT INTO Asset_History (id, asset_id, snapshot_date, nav, contribution, participations, liquid_nav_value, mean_cost) VALUES ('h-2024-07-a4', 'a4', '2024-07-01', 3843, 0, NULL, NULL, NULL) ON CONFLICT (id) DO NOTHING;
INSERT INTO Asset_History (id, asset_id, snapshot_date, nav, contribution, participations, liquid_nav_value, mean_cost) VALUES ('h-2024-07-a5', 'a5', '2024-07-01', 3936, 0, NULL, NULL, NULL) ON CONFLICT (id) DO NOTHING;
INSERT INTO Asset_History (id, asset_id, snapshot_date, nav, contribution, participations, liquid_nav_value, mean_cost) VALUES ('h-2024-07-a8', 'a8', '2024-07-01', 0, 0, NULL, NULL, NULL) ON CONFLICT (id) DO NOTHING;
INSERT INTO Asset_History (id, asset_id, snapshot_date, nav, contribution, participations, liquid_nav_value, mean_cost) VALUES ('h-2024-08-a1', 'a1', '2024-08-01', 45359, 0, NULL, NULL, NULL) ON CONFLICT (id) DO NOTHING;
INSERT INTO Asset_History (id, asset_id, snapshot_date, nav, contribution, participations, liquid_nav_value, mean_cost) VALUES ('h-2024-08-a2', 'a2', '2024-08-01', 18645, 650, NULL, NULL, NULL) ON CONFLICT (id) DO NOTHING;
INSERT INTO Asset_History (id, asset_id, snapshot_date, nav, contribution, participations, liquid_nav_value, mean_cost) VALUES ('h-2024-08-a3', 'a3', '2024-08-01', 1648, 400, NULL, NULL, NULL) ON CONFLICT (id) DO NOTHING;
INSERT INTO Asset_History (id, asset_id, snapshot_date, nav, contribution, participations, liquid_nav_value, mean_cost) VALUES ('h-2024-08-a4', 'a4', '2024-08-01', 3800, 500, NULL, NULL, NULL) ON CONFLICT (id) DO NOTHING;
INSERT INTO Asset_History (id, asset_id, snapshot_date, nav, contribution, participations, liquid_nav_value, mean_cost) VALUES ('h-2024-08-a5', 'a5', '2024-08-01', 6436, 0, NULL, NULL, NULL) ON CONFLICT (id) DO NOTHING;
INSERT INTO Asset_History (id, asset_id, snapshot_date, nav, contribution, participations, liquid_nav_value, mean_cost) VALUES ('h-2024-08-a8', 'a8', '2024-08-01', 0, 0, NULL, NULL, NULL) ON CONFLICT (id) DO NOTHING;
INSERT INTO Asset_History (id, asset_id, snapshot_date, nav, contribution, participations, liquid_nav_value, mean_cost) VALUES ('h-2024-09-a1', 'a1', '2024-09-01', 45896, 0, NULL, NULL, NULL) ON CONFLICT (id) DO NOTHING;
INSERT INTO Asset_History (id, asset_id, snapshot_date, nav, contribution, participations, liquid_nav_value, mean_cost) VALUES ('h-2024-09-a2', 'a2', '2024-09-01', 19500, 650, NULL, NULL, NULL) ON CONFLICT (id) DO NOTHING;
INSERT INTO Asset_History (id, asset_id, snapshot_date, nav, contribution, participations, liquid_nav_value, mean_cost) VALUES ('h-2024-09-a3', 'a3', '2024-09-01', 2082, 400, NULL, NULL, NULL) ON CONFLICT (id) DO NOTHING;
INSERT INTO Asset_History (id, asset_id, snapshot_date, nav, contribution, participations, liquid_nav_value, mean_cost) VALUES ('h-2024-09-a4', 'a4', '2024-09-01', 4335, 500, NULL, NULL, NULL) ON CONFLICT (id) DO NOTHING;
INSERT INTO Asset_History (id, asset_id, snapshot_date, nav, contribution, participations, liquid_nav_value, mean_cost) VALUES ('h-2024-09-a5', 'a5', '2024-09-01', 8338, 0, NULL, NULL, NULL) ON CONFLICT (id) DO NOTHING;
INSERT INTO Asset_History (id, asset_id, snapshot_date, nav, contribution, participations, liquid_nav_value, mean_cost) VALUES ('h-2024-09-a8', 'a8', '2024-09-01', 0, 0, NULL, NULL, NULL) ON CONFLICT (id) DO NOTHING;
INSERT INTO Asset_History (id, asset_id, snapshot_date, nav, contribution, participations, liquid_nav_value, mean_cost) VALUES ('h-2024-10-a1', 'a1', '2024-10-01', 47100, 0, NULL, NULL, NULL) ON CONFLICT (id) DO NOTHING;
INSERT INTO Asset_History (id, asset_id, snapshot_date, nav, contribution, participations, liquid_nav_value, mean_cost) VALUES ('h-2024-10-a2', 'a2', '2024-10-01', 20218, 650, NULL, NULL, NULL) ON CONFLICT (id) DO NOTHING;
INSERT INTO Asset_History (id, asset_id, snapshot_date, nav, contribution, participations, liquid_nav_value, mean_cost) VALUES ('h-2024-10-a3', 'a3', '2024-10-01', 2785, 600, NULL, NULL, NULL) ON CONFLICT (id) DO NOTHING;
INSERT INTO Asset_History (id, asset_id, snapshot_date, nav, contribution, participations, liquid_nav_value, mean_cost) VALUES ('h-2024-10-a4', 'a4', '2024-10-01', 5803, 1230, NULL, NULL, NULL) ON CONFLICT (id) DO NOTHING;
INSERT INTO Asset_History (id, asset_id, snapshot_date, nav, contribution, participations, liquid_nav_value, mean_cost) VALUES ('h-2024-10-a5', 'a5', '2024-10-01', 9640, 0, NULL, NULL, NULL) ON CONFLICT (id) DO NOTHING;
INSERT INTO Asset_History (id, asset_id, snapshot_date, nav, contribution, participations, liquid_nav_value, mean_cost) VALUES ('h-2024-10-a8', 'a8', '2024-10-01', 0, 0, NULL, NULL, NULL) ON CONFLICT (id) DO NOTHING;
INSERT INTO Asset_History (id, asset_id, snapshot_date, nav, contribution, participations, liquid_nav_value, mean_cost) VALUES ('h-2024-11-a1', 'a1', '2024-11-01', 52931, 4000, NULL, NULL, NULL) ON CONFLICT (id) DO NOTHING;
INSERT INTO Asset_History (id, asset_id, snapshot_date, nav, contribution, participations, liquid_nav_value, mean_cost) VALUES ('h-2024-11-a2', 'a2', '2024-11-01', 20996, 650, NULL, NULL, NULL) ON CONFLICT (id) DO NOTHING;
INSERT INTO Asset_History (id, asset_id, snapshot_date, nav, contribution, participations, liquid_nav_value, mean_cost) VALUES ('h-2024-11-a3', 'a3', '2024-11-01', 3552, 600, NULL, NULL, NULL) ON CONFLICT (id) DO NOTHING;
INSERT INTO Asset_History (id, asset_id, snapshot_date, nav, contribution, participations, liquid_nav_value, mean_cost) VALUES ('h-2024-11-a4', 'a4', '2024-11-01', 7900, 0, NULL, NULL, NULL) ON CONFLICT (id) DO NOTHING;
INSERT INTO Asset_History (id, asset_id, snapshot_date, nav, contribution, participations, liquid_nav_value, mean_cost) VALUES ('h-2024-11-a5', 'a5', '2024-11-01', 6060, 0, NULL, NULL, NULL) ON CONFLICT (id) DO NOTHING;
INSERT INTO Asset_History (id, asset_id, snapshot_date, nav, contribution, participations, liquid_nav_value, mean_cost) VALUES ('h-2024-11-a8', 'a8', '2024-11-01', 0, 0, NULL, NULL, NULL) ON CONFLICT (id) DO NOTHING;
INSERT INTO Asset_History (id, asset_id, snapshot_date, nav, contribution, participations, liquid_nav_value, mean_cost) VALUES ('h-2024-12-a1', 'a1', '2024-12-01', 52500, 0, NULL, NULL, NULL) ON CONFLICT (id) DO NOTHING;
INSERT INTO Asset_History (id, asset_id, snapshot_date, nav, contribution, participations, liquid_nav_value, mean_cost) VALUES ('h-2024-12-a2', 'a2', '2024-12-01', 21690, 650, NULL, NULL, NULL) ON CONFLICT (id) DO NOTHING;
INSERT INTO Asset_History (id, asset_id, snapshot_date, nav, contribution, participations, liquid_nav_value, mean_cost) VALUES ('h-2024-12-a3', 'a3', '2024-12-01', 4246, 650, NULL, NULL, NULL) ON CONFLICT (id) DO NOTHING;
INSERT INTO Asset_History (id, asset_id, snapshot_date, nav, contribution, participations, liquid_nav_value, mean_cost) VALUES ('h-2024-12-a4', 'a4', '2024-12-01', 8200, 400, NULL, NULL, NULL) ON CONFLICT (id) DO NOTHING;
INSERT INTO Asset_History (id, asset_id, snapshot_date, nav, contribution, participations, liquid_nav_value, mean_cost) VALUES ('h-2024-12-a5', 'a5', '2024-12-01', 6513, 0, NULL, NULL, NULL) ON CONFLICT (id) DO NOTHING;
INSERT INTO Asset_History (id, asset_id, snapshot_date, nav, contribution, participations, liquid_nav_value, mean_cost) VALUES ('h-2024-12-a8', 'a8', '2024-12-01', 0, 0, NULL, NULL, NULL) ON CONFLICT (id) DO NOTHING;
INSERT INTO Asset_History (id, asset_id, snapshot_date, nav, contribution, participations, liquid_nav_value, mean_cost) VALUES ('h-2025-01-a1', 'a1', '2025-01-01', 53582, 0, NULL, NULL, NULL) ON CONFLICT (id) DO NOTHING;
INSERT INTO Asset_History (id, asset_id, snapshot_date, nav, contribution, participations, liquid_nav_value, mean_cost) VALUES ('h-2025-01-a2', 'a2', '2025-01-01', 22538, 668, NULL, NULL, NULL) ON CONFLICT (id) DO NOTHING;
INSERT INTO Asset_History (id, asset_id, snapshot_date, nav, contribution, participations, liquid_nav_value, mean_cost) VALUES ('h-2025-01-a3', 'a3', '2025-01-01', 4682, 400, NULL, NULL, NULL) ON CONFLICT (id) DO NOTHING;
INSERT INTO Asset_History (id, asset_id, snapshot_date, nav, contribution, participations, liquid_nav_value, mean_cost) VALUES ('h-2025-01-a4', 'a4', '2025-01-01', 9712, 600, NULL, NULL, NULL) ON CONFLICT (id) DO NOTHING;
INSERT INTO Asset_History (id, asset_id, snapshot_date, nav, contribution, participations, liquid_nav_value, mean_cost) VALUES ('h-2025-01-a5', 'a5', '2025-01-01', 7516, 0, NULL, NULL, NULL) ON CONFLICT (id) DO NOTHING;
INSERT INTO Asset_History (id, asset_id, snapshot_date, nav, contribution, participations, liquid_nav_value, mean_cost) VALUES ('h-2025-01-a8', 'a8', '2025-01-01', 0, 0, NULL, NULL, NULL) ON CONFLICT (id) DO NOTHING;
INSERT INTO Asset_History (id, asset_id, snapshot_date, nav, contribution, participations, liquid_nav_value, mean_cost) VALUES ('h-2025-02-a1', 'a1', '2025-02-01', 52619, 0, NULL, NULL, NULL) ON CONFLICT (id) DO NOTHING;
INSERT INTO Asset_History (id, asset_id, snapshot_date, nav, contribution, participations, liquid_nav_value, mean_cost) VALUES ('h-2025-02-a2', 'a2', '2025-02-01', 23456, 668, NULL, NULL, NULL) ON CONFLICT (id) DO NOTHING;
INSERT INTO Asset_History (id, asset_id, snapshot_date, nav, contribution, participations, liquid_nav_value, mean_cost) VALUES ('h-2025-02-a3', 'a3', '2025-02-01', 5004, 400, NULL, NULL, NULL) ON CONFLICT (id) DO NOTHING;
INSERT INTO Asset_History (id, asset_id, snapshot_date, nav, contribution, participations, liquid_nav_value, mean_cost) VALUES ('h-2025-02-a4', 'a4', '2025-02-01', 8400, 600, NULL, NULL, NULL) ON CONFLICT (id) DO NOTHING;
INSERT INTO Asset_History (id, asset_id, snapshot_date, nav, contribution, participations, liquid_nav_value, mean_cost) VALUES ('h-2025-02-a5', 'a5', '2025-02-01', 7500, 0, NULL, NULL, NULL) ON CONFLICT (id) DO NOTHING;
INSERT INTO Asset_History (id, asset_id, snapshot_date, nav, contribution, participations, liquid_nav_value, mean_cost) VALUES ('h-2025-02-a8', 'a8', '2025-02-01', 0, 0, NULL, NULL, NULL) ON CONFLICT (id) DO NOTHING;
INSERT INTO Asset_History (id, asset_id, snapshot_date, nav, contribution, participations, liquid_nav_value, mean_cost) VALUES ('h-2025-03-a1', 'a1', '2025-03-01', 49769, 0, NULL, NULL, NULL) ON CONFLICT (id) DO NOTHING;
INSERT INTO Asset_History (id, asset_id, snapshot_date, nav, contribution, participations, liquid_nav_value, mean_cost) VALUES ('h-2025-03-a2', 'a2', '2025-03-01', 23768, 668, NULL, NULL, NULL) ON CONFLICT (id) DO NOTHING;
INSERT INTO Asset_History (id, asset_id, snapshot_date, nav, contribution, participations, liquid_nav_value, mean_cost) VALUES ('h-2025-03-a3', 'a3', '2025-03-01', 4901, 400, NULL, NULL, NULL) ON CONFLICT (id) DO NOTHING;
INSERT INTO Asset_History (id, asset_id, snapshot_date, nav, contribution, participations, liquid_nav_value, mean_cost) VALUES ('h-2025-03-a4', 'a4', '2025-03-01', 8400, 800, NULL, NULL, NULL) ON CONFLICT (id) DO NOTHING;
INSERT INTO Asset_History (id, asset_id, snapshot_date, nav, contribution, participations, liquid_nav_value, mean_cost) VALUES ('h-2025-03-a5', 'a5', '2025-03-01', 8000, 0, NULL, NULL, NULL) ON CONFLICT (id) DO NOTHING;
INSERT INTO Asset_History (id, asset_id, snapshot_date, nav, contribution, participations, liquid_nav_value, mean_cost) VALUES ('h-2025-03-a8', 'a8', '2025-03-01', 0, 0, NULL, NULL, NULL) ON CONFLICT (id) DO NOTHING;
INSERT INTO Asset_History (id, asset_id, snapshot_date, nav, contribution, participations, liquid_nav_value, mean_cost) VALUES ('h-2025-04-a1', 'a1', '2025-04-01', 52200, 3000, NULL, NULL, NULL) ON CONFLICT (id) DO NOTHING;
INSERT INTO Asset_History (id, asset_id, snapshot_date, nav, contribution, participations, liquid_nav_value, mean_cost) VALUES ('h-2025-04-a2', 'a2', '2025-04-01', 23986, 675, NULL, NULL, NULL) ON CONFLICT (id) DO NOTHING;
INSERT INTO Asset_History (id, asset_id, snapshot_date, nav, contribution, participations, liquid_nav_value, mean_cost) VALUES ('h-2025-04-a3', 'a3', '2025-04-01', 5168, 500, NULL, NULL, NULL) ON CONFLICT (id) DO NOTHING;
INSERT INTO Asset_History (id, asset_id, snapshot_date, nav, contribution, participations, liquid_nav_value, mean_cost) VALUES ('h-2025-04-a4', 'a4', '2025-04-01', 11200, 1500, NULL, NULL, NULL) ON CONFLICT (id) DO NOTHING;
INSERT INTO Asset_History (id, asset_id, snapshot_date, nav, contribution, participations, liquid_nav_value, mean_cost) VALUES ('h-2025-04-a5', 'a5', '2025-04-01', 10000, 0, NULL, NULL, NULL) ON CONFLICT (id) DO NOTHING;
INSERT INTO Asset_History (id, asset_id, snapshot_date, nav, contribution, participations, liquid_nav_value, mean_cost) VALUES ('h-2025-04-a8', 'a8', '2025-04-01', 0, 0, NULL, NULL, NULL) ON CONFLICT (id) DO NOTHING;
INSERT INTO Asset_History (id, asset_id, snapshot_date, nav, contribution, participations, liquid_nav_value, mean_cost) VALUES ('h-2025-05-a1', 'a1', '2025-05-01', 54115, 0, NULL, NULL, NULL) ON CONFLICT (id) DO NOTHING;
INSERT INTO Asset_History (id, asset_id, snapshot_date, nav, contribution, participations, liquid_nav_value, mean_cost) VALUES ('h-2025-05-a2', 'a2', '2025-05-01', 25037, 675, NULL, NULL, NULL) ON CONFLICT (id) DO NOTHING;
INSERT INTO Asset_History (id, asset_id, snapshot_date, nav, contribution, participations, liquid_nav_value, mean_cost) VALUES ('h-2025-05-a3', 'a3', '2025-05-01', 5900, 400, NULL, NULL, NULL) ON CONFLICT (id) DO NOTHING;
INSERT INTO Asset_History (id, asset_id, snapshot_date, nav, contribution, participations, liquid_nav_value, mean_cost) VALUES ('h-2025-05-a4', 'a4', '2025-05-01', 13500, 1500, NULL, NULL, NULL) ON CONFLICT (id) DO NOTHING;
INSERT INTO Asset_History (id, asset_id, snapshot_date, nav, contribution, participations, liquid_nav_value, mean_cost) VALUES ('h-2025-05-a5', 'a5', '2025-05-01', 10500, 0, NULL, NULL, NULL) ON CONFLICT (id) DO NOTHING;
INSERT INTO Asset_History (id, asset_id, snapshot_date, nav, contribution, participations, liquid_nav_value, mean_cost) VALUES ('h-2025-05-a8', 'a8', '2025-05-01', 0, 0, NULL, NULL, NULL) ON CONFLICT (id) DO NOTHING;
INSERT INTO Asset_History (id, asset_id, snapshot_date, nav, contribution, participations, liquid_nav_value, mean_cost) VALUES ('h-2025-06-a1', 'a1', '2025-06-01', 54727, 0, NULL, NULL, NULL) ON CONFLICT (id) DO NOTHING;
INSERT INTO Asset_History (id, asset_id, snapshot_date, nav, contribution, participations, liquid_nav_value, mean_cost) VALUES ('h-2025-06-a2', 'a2', '2025-06-01', 25755, 675, NULL, NULL, NULL) ON CONFLICT (id) DO NOTHING;
INSERT INTO Asset_History (id, asset_id, snapshot_date, nav, contribution, participations, liquid_nav_value, mean_cost) VALUES ('h-2025-06-a3', 'a3', '2025-06-01', 6468, 500, NULL, NULL, NULL) ON CONFLICT (id) DO NOTHING;
INSERT INTO Asset_History (id, asset_id, snapshot_date, nav, contribution, participations, liquid_nav_value, mean_cost) VALUES ('h-2025-06-a4', 'a4', '2025-06-01', 15279, 1800, NULL, NULL, NULL) ON CONFLICT (id) DO NOTHING;
INSERT INTO Asset_History (id, asset_id, snapshot_date, nav, contribution, participations, liquid_nav_value, mean_cost) VALUES ('h-2025-06-a5', 'a5', '2025-06-01', 11000, 0, NULL, NULL, NULL) ON CONFLICT (id) DO NOTHING;
INSERT INTO Asset_History (id, asset_id, snapshot_date, nav, contribution, participations, liquid_nav_value, mean_cost) VALUES ('h-2025-06-a8', 'a8', '2025-06-01', 0, 0, NULL, NULL, NULL) ON CONFLICT (id) DO NOTHING;
INSERT INTO Asset_History (id, asset_id, snapshot_date, nav, contribution, participations, liquid_nav_value, mean_cost) VALUES ('h-2025-07-a1', 'a1', '2025-07-01', 55036, 0, NULL, NULL, NULL) ON CONFLICT (id) DO NOTHING;
INSERT INTO Asset_History (id, asset_id, snapshot_date, nav, contribution, participations, liquid_nav_value, mean_cost) VALUES ('h-2025-07-a2', 'a2', '2025-07-01', 26541, 675, NULL, NULL, NULL) ON CONFLICT (id) DO NOTHING;
INSERT INTO Asset_History (id, asset_id, snapshot_date, nav, contribution, participations, liquid_nav_value, mean_cost) VALUES ('h-2025-07-a3', 'a3', '2025-07-01', 7100, 400, NULL, NULL, NULL) ON CONFLICT (id) DO NOTHING;
INSERT INTO Asset_History (id, asset_id, snapshot_date, nav, contribution, participations, liquid_nav_value, mean_cost) VALUES ('h-2025-07-a4', 'a4', '2025-07-01', 17900, 1200, NULL, NULL, NULL) ON CONFLICT (id) DO NOTHING;
INSERT INTO Asset_History (id, asset_id, snapshot_date, nav, contribution, participations, liquid_nav_value, mean_cost) VALUES ('h-2025-07-a5', 'a5', '2025-07-01', 32400, 0, NULL, NULL, NULL) ON CONFLICT (id) DO NOTHING;
INSERT INTO Asset_History (id, asset_id, snapshot_date, nav, contribution, participations, liquid_nav_value, mean_cost) VALUES ('h-2025-07-a8', 'a8', '2025-07-01', 0, 0, NULL, NULL, NULL) ON CONFLICT (id) DO NOTHING;
INSERT INTO Asset_History (id, asset_id, snapshot_date, nav, contribution, participations, liquid_nav_value, mean_cost) VALUES ('h-2025-08-a1', 'a1', '2025-08-01', 55340, 0, NULL, NULL, NULL) ON CONFLICT (id) DO NOTHING;
INSERT INTO Asset_History (id, asset_id, snapshot_date, nav, contribution, participations, liquid_nav_value, mean_cost) VALUES ('h-2025-08-a2', 'a2', '2025-08-01', 26626, 0, NULL, NULL, NULL) ON CONFLICT (id) DO NOTHING;
INSERT INTO Asset_History (id, asset_id, snapshot_date, nav, contribution, participations, liquid_nav_value, mean_cost) VALUES ('h-2025-08-a3', 'a3', '2025-08-01', 7600, 400, NULL, NULL, NULL) ON CONFLICT (id) DO NOTHING;
INSERT INTO Asset_History (id, asset_id, snapshot_date, nav, contribution, participations, liquid_nav_value, mean_cost) VALUES ('h-2025-08-a4', 'a4', '2025-08-01', 17450, 789, NULL, NULL, NULL) ON CONFLICT (id) DO NOTHING;
INSERT INTO Asset_History (id, asset_id, snapshot_date, nav, contribution, participations, liquid_nav_value, mean_cost) VALUES ('h-2025-08-a5', 'a5', '2025-08-01', 31400, 0, NULL, NULL, NULL) ON CONFLICT (id) DO NOTHING;
INSERT INTO Asset_History (id, asset_id, snapshot_date, nav, contribution, participations, liquid_nav_value, mean_cost) VALUES ('h-2025-08-a8', 'a8', '2025-08-01', 0, 0, NULL, NULL, NULL) ON CONFLICT (id) DO NOTHING;
INSERT INTO Asset_History (id, asset_id, snapshot_date, nav, contribution, participations, liquid_nav_value, mean_cost) VALUES ('h-2025-09-a1', 'a1', '2025-09-01', 56556, 0, NULL, NULL, NULL) ON CONFLICT (id) DO NOTHING;
INSERT INTO Asset_History (id, asset_id, snapshot_date, nav, contribution, participations, liquid_nav_value, mean_cost) VALUES ('h-2025-09-a2', 'a2', '2025-09-01', 27025, 0, NULL, NULL, NULL) ON CONFLICT (id) DO NOTHING;
INSERT INTO Asset_History (id, asset_id, snapshot_date, nav, contribution, participations, liquid_nav_value, mean_cost) VALUES ('h-2025-09-a3', 'a3', '2025-09-01', 8431, 600, NULL, NULL, NULL) ON CONFLICT (id) DO NOTHING;
INSERT INTO Asset_History (id, asset_id, snapshot_date, nav, contribution, participations, liquid_nav_value, mean_cost) VALUES ('h-2025-09-a4', 'a4', '2025-09-01', 18970, 850, NULL, NULL, NULL) ON CONFLICT (id) DO NOTHING;
INSERT INTO Asset_History (id, asset_id, snapshot_date, nav, contribution, participations, liquid_nav_value, mean_cost) VALUES ('h-2025-09-a5', 'a5', '2025-09-01', 43100, 0, NULL, NULL, NULL) ON CONFLICT (id) DO NOTHING;
INSERT INTO Asset_History (id, asset_id, snapshot_date, nav, contribution, participations, liquid_nav_value, mean_cost) VALUES ('h-2025-09-a8', 'a8', '2025-09-01', 0, 0, NULL, NULL, NULL) ON CONFLICT (id) DO NOTHING;
INSERT INTO Asset_History (id, asset_id, snapshot_date, nav, contribution, participations, liquid_nav_value, mean_cost) VALUES ('h-2025-10-a1', 'a1', '2025-10-01', 58088, 0, NULL, NULL, NULL) ON CONFLICT (id) DO NOTHING;
INSERT INTO Asset_History (id, asset_id, snapshot_date, nav, contribution, participations, liquid_nav_value, mean_cost) VALUES ('h-2025-10-a2', 'a2', '2025-10-01', 27986, 0, NULL, NULL, NULL) ON CONFLICT (id) DO NOTHING;
INSERT INTO Asset_History (id, asset_id, snapshot_date, nav, contribution, participations, liquid_nav_value, mean_cost) VALUES ('h-2025-10-a3', 'a3', '2025-10-01', 9619, 800, NULL, NULL, NULL) ON CONFLICT (id) DO NOTHING;
INSERT INTO Asset_History (id, asset_id, snapshot_date, nav, contribution, participations, liquid_nav_value, mean_cost) VALUES ('h-2025-10-a4', 'a4', '2025-10-01', 17958, 300, NULL, NULL, NULL) ON CONFLICT (id) DO NOTHING;
INSERT INTO Asset_History (id, asset_id, snapshot_date, nav, contribution, participations, liquid_nav_value, mean_cost) VALUES ('h-2025-10-a5', 'a5', '2025-10-01', 40000, 0, NULL, NULL, NULL) ON CONFLICT (id) DO NOTHING;
INSERT INTO Asset_History (id, asset_id, snapshot_date, nav, contribution, participations, liquid_nav_value, mean_cost) VALUES ('h-2025-10-a8', 'a8', '2025-10-01', 0, 0, NULL, NULL, NULL) ON CONFLICT (id) DO NOTHING;
INSERT INTO Asset_History (id, asset_id, snapshot_date, nav, contribution, participations, liquid_nav_value, mean_cost) VALUES ('h-2025-11-a1', 'a1', '2025-11-01', 55485, 0, NULL, NULL, NULL) ON CONFLICT (id) DO NOTHING;
INSERT INTO Asset_History (id, asset_id, snapshot_date, nav, contribution, participations, liquid_nav_value, mean_cost) VALUES ('h-2025-11-a2', 'a2', '2025-11-01', 27820, 0, NULL, NULL, NULL) ON CONFLICT (id) DO NOTHING;
INSERT INTO Asset_History (id, asset_id, snapshot_date, nav, contribution, participations, liquid_nav_value, mean_cost) VALUES ('h-2025-11-a3', 'a3', '2025-11-01', 10317, 800, NULL, NULL, NULL) ON CONFLICT (id) DO NOTHING;
INSERT INTO Asset_History (id, asset_id, snapshot_date, nav, contribution, participations, liquid_nav_value, mean_cost) VALUES ('h-2025-11-a4', 'a4', '2025-11-01', 16282, 1050, NULL, NULL, NULL) ON CONFLICT (id) DO NOTHING;
INSERT INTO Asset_History (id, asset_id, snapshot_date, nav, contribution, participations, liquid_nav_value, mean_cost) VALUES ('h-2025-11-a5', 'a5', '2025-11-01', 36300, 0, NULL, NULL, NULL) ON CONFLICT (id) DO NOTHING;
INSERT INTO Asset_History (id, asset_id, snapshot_date, nav, contribution, participations, liquid_nav_value, mean_cost) VALUES ('h-2025-11-a8', 'a8', '2025-11-01', 0, 0, NULL, NULL, NULL) ON CONFLICT (id) DO NOTHING;
INSERT INTO Asset_History (id, asset_id, snapshot_date, nav, contribution, participations, liquid_nav_value, mean_cost) VALUES ('h-2025-12-a1', 'a1', '2025-12-01', 55580, 0, NULL, NULL, NULL) ON CONFLICT (id) DO NOTHING;
INSERT INTO Asset_History (id, asset_id, snapshot_date, nav, contribution, participations, liquid_nav_value, mean_cost) VALUES ('h-2025-12-a2', 'a2', '2025-12-01', 28383, 0, NULL, NULL, NULL) ON CONFLICT (id) DO NOTHING;
INSERT INTO Asset_History (id, asset_id, snapshot_date, nav, contribution, participations, liquid_nav_value, mean_cost) VALUES ('h-2025-12-a3', 'a3', '2025-12-01', 11266, 1000, NULL, NULL, NULL) ON CONFLICT (id) DO NOTHING;
INSERT INTO Asset_History (id, asset_id, snapshot_date, nav, contribution, participations, liquid_nav_value, mean_cost) VALUES ('h-2025-12-a4', 'a4', '2025-12-01', 17574, 1547, NULL, NULL, NULL) ON CONFLICT (id) DO NOTHING;
INSERT INTO Asset_History (id, asset_id, snapshot_date, nav, contribution, participations, liquid_nav_value, mean_cost) VALUES ('h-2025-12-a5', 'a5', '2025-12-01', 35850, 0, NULL, NULL, NULL) ON CONFLICT (id) DO NOTHING;
INSERT INTO Asset_History (id, asset_id, snapshot_date, nav, contribution, participations, liquid_nav_value, mean_cost) VALUES ('h-2025-12-a8', 'a8', '2025-12-01', 0, 0, NULL, NULL, NULL) ON CONFLICT (id) DO NOTHING;
INSERT INTO Asset_History (id, asset_id, snapshot_date, nav, contribution, participations, liquid_nav_value, mean_cost) VALUES ('h-2026-01-a1', 'a1', '2026-01-01', 41103, -15212, NULL, NULL, NULL) ON CONFLICT (id) DO NOTHING;
INSERT INTO Asset_History (id, asset_id, snapshot_date, nav, contribution, participations, liquid_nav_value, mean_cost) VALUES ('h-2026-01-a2', 'a2', '2026-01-01', 29281, 0, NULL, NULL, NULL) ON CONFLICT (id) DO NOTHING;
INSERT INTO Asset_History (id, asset_id, snapshot_date, nav, contribution, participations, liquid_nav_value, mean_cost) VALUES ('h-2026-01-a3', 'a3', '2026-01-01', 12000, 800, NULL, NULL, NULL) ON CONFLICT (id) DO NOTHING;
INSERT INTO Asset_History (id, asset_id, snapshot_date, nav, contribution, participations, liquid_nav_value, mean_cost) VALUES ('h-2026-01-a4', 'a4', '2026-01-01', 14500, 858, NULL, NULL, NULL) ON CONFLICT (id) DO NOTHING;
INSERT INTO Asset_History (id, asset_id, snapshot_date, nav, contribution, participations, liquid_nav_value, mean_cost) VALUES ('h-2026-01-a5', 'a5', '2026-01-01', 24800, -11000, NULL, NULL, NULL) ON CONFLICT (id) DO NOTHING;
INSERT INTO Asset_History (id, asset_id, snapshot_date, nav, contribution, participations, liquid_nav_value, mean_cost) VALUES ('h-2026-01-a8', 'a8', '2026-01-01', 15727, 15512, NULL, NULL, NULL) ON CONFLICT (id) DO NOTHING;
INSERT INTO Asset_History (id, asset_id, snapshot_date, nav, contribution, participations, liquid_nav_value, mean_cost) VALUES ('h-2026-01-a9', 'a9', '2026-01-01', 4800, 4791, NULL, NULL, NULL) ON CONFLICT (id) DO NOTHING;
INSERT INTO Asset_History (id, asset_id, snapshot_date, nav, contribution, participations, liquid_nav_value, mean_cost) VALUES ('d1588c3e-a9f8-4843-aa7f-7c32894b7dbb', 'a4', '2026-02-01', 14000, 647, NULL, NULL, NULL) ON CONFLICT (id) DO NOTHING;
INSERT INTO Asset_History (id, asset_id, snapshot_date, nav, contribution, participations, liquid_nav_value, mean_cost) VALUES ('2d6597a7-d2bc-4aab-8037-44865b30c537', 'a2', '2026-02-01', 29392, 0, NULL, NULL, NULL) ON CONFLICT (id) DO NOTHING;
INSERT INTO Asset_History (id, asset_id, snapshot_date, nav, contribution, participations, liquid_nav_value, mean_cost) VALUES ('82765ae1-a782-42db-99dd-24ca6cf36c20', 'a8', '2026-02-01', 16255, 300, NULL, NULL, NULL) ON CONFLICT (id) DO NOTHING;
INSERT INTO Asset_History (id, asset_id, snapshot_date, nav, contribution, participations, liquid_nav_value, mean_cost) VALUES ('b5935c8f-0c4c-4159-b4c4-b10b93588ba8', 'a3', '2026-02-01', 12338, 800, NULL, NULL, NULL) ON CONFLICT (id) DO NOTHING;
INSERT INTO Asset_History (id, asset_id, snapshot_date, nav, contribution, participations, liquid_nav_value, mean_cost) VALUES ('5a0aa4d1-09e9-4f40-99ae-9fb90c7d757b', 'a5', '2026-02-01', 24400, 0, NULL, NULL, NULL) ON CONFLICT (id) DO NOTHING;
INSERT INTO Asset_History (id, asset_id, snapshot_date, nav, contribution, participations, liquid_nav_value, mean_cost) VALUES ('2dc4348f-4e61-4d8e-aaa3-7f76736c7e5d', 'a1', '2026-02-01', 42000, 0, NULL, NULL, NULL) ON CONFLICT (id) DO NOTHING;
INSERT INTO Asset_History (id, asset_id, snapshot_date, nav, contribution, participations, liquid_nav_value, mean_cost) VALUES ('fcb77fcd-9cd6-4e4d-8084-cf2f2a217bac', 'a9', '2026-02-01', 5324, 0, NULL, NULL, NULL) ON CONFLICT (id) DO NOTHING;
INSERT INTO Asset_History (id, asset_id, snapshot_date, nav, contribution, participations, liquid_nav_value, mean_cost) VALUES ('a503d6d5-8d24-455d-bba9-c53ec6c1e6e3', 'a1', '2026-03-01', 42072.5075507, 0, 3786.90437, '11.11', 0) ON CONFLICT (id) DO NOTHING;
INSERT INTO Asset_History (id, asset_id, snapshot_date, nav, contribution, participations, liquid_nav_value, mean_cost) VALUES ('082a914d-b96c-4896-8310-a0436866e504', 'a3', '2026-03-01', 13031.360700000001, 1000, 181.47, '71.81', 0) ON CONFLICT (id) DO NOTHING;
INSERT INTO Asset_History (id, asset_id, snapshot_date, nav, contribution, participations, liquid_nav_value, mean_cost) VALUES ('9006e77b-9c7a-4f87-b882-b2a07e358d3e', 'a4', '2026-03-01', 15181.913403999999, 0, 0.2476, '61316.29', 73275) ON CONFLICT (id) DO NOTHING;
INSERT INTO Asset_History (id, asset_id, snapshot_date, nav, contribution, participations, liquid_nav_value, mean_cost) VALUES ('094c58af-ba7b-48c7-b9ef-f4ae57d8ad84', 'a8', '2026-03-01', 16816.014399879998, 300, 603.156901, '27.88', 25.97) ON CONFLICT (id) DO NOTHING;
INSERT INTO Asset_History (id, asset_id, snapshot_date, nav, contribution, participations, liquid_nav_value, mean_cost) VALUES ('aa006c2f-221e-42b7-9b43-a63dbd35e90d', 'a9', '2026-03-01', 6188.8, 0, 0, 1, 0) ON CONFLICT (id) DO NOTHING;
INSERT INTO Asset_History (id, asset_id, snapshot_date, nav, contribution, participations, liquid_nav_value, mean_cost) VALUES ('45d73d40-cdad-4ab2-a93f-847e53b14698', 'a2', '2026-03-01', 30593.37164797, 0, 2056.8217, '14.8741', 12.99) ON CONFLICT (id) DO NOTHING;
INSERT INTO Asset_History (id, asset_id, snapshot_date, nav, contribution, participations, liquid_nav_value, mean_cost) VALUES ('f4fd47f6-45fc-4b46-b178-2e1d6cba1c2b', 'a5', '2026-03-01', 23400, -1000, 0, 0, 0) ON CONFLICT (id) DO NOTHING;

-- 4. INSERCIÓN DE TRANSACCIONES
INSERT INTO Transaction (id, asset_id, transaction_date, type, ticker, quantity, price_per_unit, fees, total_amount) VALUES ('tx-btc-058', 'a4', '2026-03-26', 'BUY', 'BTC', 0.004680, 60687, 0, 284) ON CONFLICT (id) DO NOTHING;
INSERT INTO Transaction (id, asset_id, transaction_date, type, ticker, quantity, price_per_unit, fees, total_amount) VALUES ('tx-btc-057', 'a4', '2026-03-15', 'BUY', 'BTC', 0.004880, 64955, 0, 317) ON CONFLICT (id) DO NOTHING;
INSERT INTO Transaction (id, asset_id, transaction_date, type, ticker, quantity, price_per_unit, fees, total_amount) VALUES ('tx-btc-056', 'a4', '2026-02-19', 'BUY', 'BTC', 0.00603547, 57493.4512, 0, 347) ON CONFLICT (id) DO NOTHING;
INSERT INTO Transaction (id, asset_id, transaction_date, type, ticker, quantity, price_per_unit, fees, total_amount) VALUES ('tx-btc-001', 'a4', '2026-02-05', 'BUY', 'BTC', 0.00494981, 60608.38698859148, 0, 300) ON CONFLICT (id) DO NOTHING;
INSERT INTO Transaction (id, asset_id, transaction_date, type, ticker, quantity, price_per_unit, fees, total_amount) VALUES ('tx-btc-002', 'a4', '2026-01-30', 'BUY', 'BTC', 0.00355157, 72643.92930450477, 0, 258) ON CONFLICT (id) DO NOTHING;
INSERT INTO Transaction (id, asset_id, transaction_date, type, ticker, quantity, price_per_unit, fees, total_amount) VALUES ('tx-btc-003', 'a4', '2026-01-26', 'BUY', 'BTC', 0.00403177, 74409, 0, 300) ON CONFLICT (id) DO NOTHING;
INSERT INTO Transaction (id, asset_id, transaction_date, type, ticker, quantity, price_per_unit, fees, total_amount) VALUES ('tx-btc-004', 'a4', '2026-01-20', 'BUY', 'BTC', 0.00378417, 79277.62230555182, 0, 300) ON CONFLICT (id) DO NOTHING;
INSERT INTO Transaction (id, asset_id, transaction_date, type, ticker, quantity, price_per_unit, fees, total_amount) VALUES ('tx-btc-005', 'a4', '2025-12-30', 'BUY', 'BTC', 0.00413175, 75755, 0, 313) ON CONFLICT (id) DO NOTHING;
INSERT INTO Transaction (id, asset_id, transaction_date, type, ticker, quantity, price_per_unit, fees, total_amount) VALUES ('tx-btc-006', 'a4', '2025-12-24', 'BUY', 'BTC', 0.00286554, 75029, 0, 215) ON CONFLICT (id) DO NOTHING;
INSERT INTO Transaction (id, asset_id, transaction_date, type, ticker, quantity, price_per_unit, fees, total_amount) VALUES ('tx-btc-007', 'a4', '2025-12-15', 'BUY', 'BTC', 0.00377916, 79383, 0, 300) ON CONFLICT (id) DO NOTHING;
INSERT INTO Transaction (id, asset_id, transaction_date, type, ticker, quantity, price_per_unit, fees, total_amount) VALUES ('tx-btc-008', 'a4', '2025-12-09', 'BUY', 'BTC', 0.00379876, 78973, 0, 300) ON CONFLICT (id) DO NOTHING;
INSERT INTO Transaction (id, asset_id, transaction_date, type, ticker, quantity, price_per_unit, fees, total_amount) VALUES ('tx-btc-009', 'a4', '2025-12-01', 'BUY', 'BTC', 0.00565864, 74046, 0, 419) ON CONFLICT (id) DO NOTHING;
INSERT INTO Transaction (id, asset_id, transaction_date, type, ticker, quantity, price_per_unit, fees, total_amount) VALUES ('tx-btc-010', 'a4', '2025-11-14', 'BUY', 'BTC', 0.00531948, 84595, 0, 450) ON CONFLICT (id) DO NOTHING;
INSERT INTO Transaction (id, asset_id, transaction_date, type, ticker, quantity, price_per_unit, fees, total_amount) VALUES ('tx-btc-011', 'a4', '2025-11-07', 'BUY', 'BTC', 0.0034358, 87316, 0, 300) ON CONFLICT (id) DO NOTHING;
INSERT INTO Transaction (id, asset_id, transaction_date, type, ticker, quantity, price_per_unit, fees, total_amount) VALUES ('tx-btc-012', 'a4', '2025-11-05', 'BUY', 'BTC', 0.00327402, 91630, 0, 300) ON CONFLICT (id) DO NOTHING;
INSERT INTO Transaction (id, asset_id, transaction_date, type, ticker, quantity, price_per_unit, fees, total_amount) VALUES ('tx-btc-013', 'a4', '2025-10-09', 'BUY', 'BTC', 0.00280005, 107141, 0, 300) ON CONFLICT (id) DO NOTHING;
INSERT INTO Transaction (id, asset_id, transaction_date, type, ticker, quantity, price_per_unit, fees, total_amount) VALUES ('tx-btc-014', 'a4', '2025-09-29', 'BUY', 'BTC', 0.00562893, 97710, 0, 550) ON CONFLICT (id) DO NOTHING;
INSERT INTO Transaction (id, asset_id, transaction_date, type, ticker, quantity, price_per_unit, fees, total_amount) VALUES ('tx-btc-015', 'a4', '2025-09-24', 'BUY', 'BTC', 0.00302828, 99066, 0, 300) ON CONFLICT (id) DO NOTHING;
INSERT INTO Transaction (id, asset_id, transaction_date, type, ticker, quantity, price_per_unit, fees, total_amount) VALUES ('tx-btc-016', 'a4', '2025-08-19', 'BUY', 'BTC', 0.00295, 101695, 0, 300) ON CONFLICT (id) DO NOTHING;
INSERT INTO Transaction (id, asset_id, transaction_date, type, ticker, quantity, price_per_unit, fees, total_amount) VALUES ('tx-btc-017', 'a4', '2025-08-12', 'BUY', 'BTC', 0.00472221, 103553, 0, 489) ON CONFLICT (id) DO NOTHING;
INSERT INTO Transaction (id, asset_id, transaction_date, type, ticker, quantity, price_per_unit, fees, total_amount) VALUES ('tx-btc-018', 'a4', '2025-07-22', 'BUY', 'BTC', 0.00289669, 103566, 0, 300) ON CONFLICT (id) DO NOTHING;
INSERT INTO Transaction (id, asset_id, transaction_date, type, ticker, quantity, price_per_unit, fees, total_amount) VALUES ('tx-btc-019', 'a4', '2025-07-10', 'BUY', 'BTC', 0.00309578, 96906, 0, 300) ON CONFLICT (id) DO NOTHING;
INSERT INTO Transaction (id, asset_id, transaction_date, type, ticker, quantity, price_per_unit, fees, total_amount) VALUES ('tx-btc-020', 'a4', '2025-07-09', 'BUY', 'BTC', 0.00313702, 95632, 0, 300) ON CONFLICT (id) DO NOTHING;
INSERT INTO Transaction (id, asset_id, transaction_date, type, ticker, quantity, price_per_unit, fees, total_amount) VALUES ('tx-btc-021', 'a4', '2025-07-02', 'BUY', 'BTC', 0.0032203, 93159, 0, 300) ON CONFLICT (id) DO NOTHING;
INSERT INTO Transaction (id, asset_id, transaction_date, type, ticker, quantity, price_per_unit, fees, total_amount) VALUES ('tx-btc-022', 'a4', '2025-06-27', 'BUY', 'BTC', 0.00322403, 93051, 0, 300) ON CONFLICT (id) DO NOTHING;
INSERT INTO Transaction (id, asset_id, transaction_date, type, ticker, quantity, price_per_unit, fees, total_amount) VALUES ('tx-btc-023', 'a4', '2025-06-23', 'BUY', 'BTC', 0.00337507, 88887, 0, 300) ON CONFLICT (id) DO NOTHING;
INSERT INTO Transaction (id, asset_id, transaction_date, type, ticker, quantity, price_per_unit, fees, total_amount) VALUES ('tx-btc-024', 'a4', '2025-06-16', 'BUY', 'BTC', 0.00537127, 93088, 0, 500) ON CONFLICT (id) DO NOTHING;
INSERT INTO Transaction (id, asset_id, transaction_date, type, ticker, quantity, price_per_unit, fees, total_amount) VALUES ('tx-btc-025', 'a4', '2025-06-13', 'BUY', 'BTC', 0.00107682, 92866, 0, 100) ON CONFLICT (id) DO NOTHING;
INSERT INTO Transaction (id, asset_id, transaction_date, type, ticker, quantity, price_per_unit, fees, total_amount) VALUES ('tx-btc-026', 'a4', '2025-06-09', 'BUY', 'BTC', 0.00312661, 95951, 0, 300) ON CONFLICT (id) DO NOTHING;
INSERT INTO Transaction (id, asset_id, transaction_date, type, ticker, quantity, price_per_unit, fees, total_amount) VALUES ('tx-btc-027', 'a4', '2025-06-02', 'BUY', 'BTC', 0.00326634, 91846, 0, 300) ON CONFLICT (id) DO NOTHING;
INSERT INTO Transaction (id, asset_id, transaction_date, type, ticker, quantity, price_per_unit, fees, total_amount) VALUES ('tx-btc-028', 'a4', '2025-05-26', 'BUY', 'BTC', 0.003135, 95694, 0, 300) ON CONFLICT (id) DO NOTHING;
INSERT INTO Transaction (id, asset_id, transaction_date, type, ticker, quantity, price_per_unit, fees, total_amount) VALUES ('tx-btc-029', 'a4', '2025-05-22', 'BUY', 'BTC', 0.00305481, 98206, 0, 300) ON CONFLICT (id) DO NOTHING;
INSERT INTO Transaction (id, asset_id, transaction_date, type, ticker, quantity, price_per_unit, fees, total_amount) VALUES ('tx-btc-030', 'a4', '2025-05-13', 'BUY', 'BTC', 0.0034023, 88176, 0, 300) ON CONFLICT (id) DO NOTHING;
INSERT INTO Transaction (id, asset_id, transaction_date, type, ticker, quantity, price_per_unit, fees, total_amount) VALUES ('tx-btc-031', 'a4', '2025-05-08', 'BUY', 'BTC', 0.00340295, 88159, 0, 300) ON CONFLICT (id) DO NOTHING;
INSERT INTO Transaction (id, asset_id, transaction_date, type, ticker, quantity, price_per_unit, fees, total_amount) VALUES ('tx-btc-032', 'a4', '2025-05-01', 'BUY', 'BTC', 0.00352112, 85200, 0, 300) ON CONFLICT (id) DO NOTHING;
INSERT INTO Transaction (id, asset_id, transaction_date, type, ticker, quantity, price_per_unit, fees, total_amount) VALUES ('tx-btc-033', 'a4', '2025-04-29', 'BUY', 'BTC', 0.00355248, 84448, 0, 300) ON CONFLICT (id) DO NOTHING;
INSERT INTO Transaction (id, asset_id, transaction_date, type, ticker, quantity, price_per_unit, fees, total_amount) VALUES ('tx-btc-034', 'a4', '2025-04-27', 'BUY', 'BTC', 0.00361362, 83019, 0, 300) ON CONFLICT (id) DO NOTHING;
INSERT INTO Transaction (id, asset_id, transaction_date, type, ticker, quantity, price_per_unit, fees, total_amount) VALUES ('tx-btc-035', 'a4', '2025-04-23', 'BUY', 'BTC', 0.0036096, 83112, 0, 300) ON CONFLICT (id) DO NOTHING;
INSERT INTO Transaction (id, asset_id, transaction_date, type, ticker, quantity, price_per_unit, fees, total_amount) VALUES ('tx-btc-036', 'a4', '2025-04-22', 'BUY', 'BTC', 0.00377874, 79392, 0, 300) ON CONFLICT (id) DO NOTHING;
INSERT INTO Transaction (id, asset_id, transaction_date, type, ticker, quantity, price_per_unit, fees, total_amount) VALUES ('tx-btc-037', 'a4', '2025-04-15', 'BUY', 'BTC', 0.00379307, 79092, 0, 300) ON CONFLICT (id) DO NOTHING;
INSERT INTO Transaction (id, asset_id, transaction_date, type, ticker, quantity, price_per_unit, fees, total_amount) VALUES ('tx-btc-038', 'a4', '2025-03-28', 'BUY', 'BTC', 0.00369986, 81084, 0, 300) ON CONFLICT (id) DO NOTHING;
INSERT INTO Transaction (id, asset_id, transaction_date, type, ticker, quantity, price_per_unit, fees, total_amount) VALUES ('tx-btc-039', 'a4', '2025-03-18', 'BUY', 'BTC', 0.003194, 78272, 0, 250) ON CONFLICT (id) DO NOTHING;
INSERT INTO Transaction (id, asset_id, transaction_date, type, ticker, quantity, price_per_unit, fees, total_amount) VALUES ('tx-btc-040', 'a4', '2025-03-08', 'BUY', 'BTC', 0.00300867, 83093, 0, 250) ON CONFLICT (id) DO NOTHING;
INSERT INTO Transaction (id, asset_id, transaction_date, type, ticker, quantity, price_per_unit, fees, total_amount) VALUES ('tx-btc-041', 'a4', '2025-02-25', 'BUY', 'BTC', 0.00338876, 88528, 0, 300) ON CONFLICT (id) DO NOTHING;
INSERT INTO Transaction (id, asset_id, transaction_date, type, ticker, quantity, price_per_unit, fees, total_amount) VALUES ('tx-btc-042', 'a4', '2025-02-15', 'BUY', 'BTC', 0.00320238, 93680, 0, 300) ON CONFLICT (id) DO NOTHING;
INSERT INTO Transaction (id, asset_id, transaction_date, type, ticker, quantity, price_per_unit, fees, total_amount) VALUES ('tx-btc-043', 'a4', '2025-01-31', 'BUY', 'BTC', 0.00282031, 106371, 0, 300) ON CONFLICT (id) DO NOTHING;
INSERT INTO Transaction (id, asset_id, transaction_date, type, ticker, quantity, price_per_unit, fees, total_amount) VALUES ('tx-btc-044', 'a4', '2025-01-20', 'BUY', 'BTC', 0.0025919, 115745, 0, 300) ON CONFLICT (id) DO NOTHING;
INSERT INTO Transaction (id, asset_id, transaction_date, type, ticker, quantity, price_per_unit, fees, total_amount) VALUES ('tx-btc-045', 'a4', '2024-12-08', 'BUY', 'BTC', 0.00411919, 97106, 0, 400) ON CONFLICT (id) DO NOTHING;
INSERT INTO Transaction (id, asset_id, transaction_date, type, ticker, quantity, price_per_unit, fees, total_amount) VALUES ('tx-btc-046', 'a4', '2024-10-04', 'BUY', 'BTC', 0.00890313, 56160, 0, 500) ON CONFLICT (id) DO NOTHING;
INSERT INTO Transaction (id, asset_id, transaction_date, type, ticker, quantity, price_per_unit, fees, total_amount) VALUES ('tx-btc-047', 'a4', '2024-10-04', 'BUY', 'BTC', 0.0129455, 56367, 0, 730) ON CONFLICT (id) DO NOTHING;
INSERT INTO Transaction (id, asset_id, transaction_date, type, ticker, quantity, price_per_unit, fees, total_amount) VALUES ('tx-btc-048', 'a4', '2024-09-03', 'BUY', 'BTC', 0.00932731, 53606, 0, 500) ON CONFLICT (id) DO NOTHING;
INSERT INTO Transaction (id, asset_id, transaction_date, type, ticker, quantity, price_per_unit, fees, total_amount) VALUES ('tx-btc-049', 'a4', '2024-08-21', 'BUY', 'BTC', 0.00935314, 53458, 0, 500) ON CONFLICT (id) DO NOTHING;
INSERT INTO Transaction (id, asset_id, transaction_date, type, ticker, quantity, price_per_unit, fees, total_amount) VALUES ('tx-btc-050', 'a4', '2024-03-20', 'BUY', 'BTC', 0.00522273, 62228, 0, 325) ON CONFLICT (id) DO NOTHING;
INSERT INTO Transaction (id, asset_id, transaction_date, type, ticker, quantity, price_per_unit, fees, total_amount) VALUES ('tx-btc-051', 'a4', '2024-03-20', 'BUY', 'BTC', 0.00177403, 65952, 0, 117) ON CONFLICT (id) DO NOTHING;
INSERT INTO Transaction (id, asset_id, transaction_date, type, ticker, quantity, price_per_unit, fees, total_amount) VALUES ('tx-btc-052', 'a4', '2024-01-04', 'BUY', 'BTC', 0.01119961, 44644, 0, 500) ON CONFLICT (id) DO NOTHING;
INSERT INTO Transaction (id, asset_id, transaction_date, type, ticker, quantity, price_per_unit, fees, total_amount) VALUES ('tx-btc-053', 'a4', '2023-08-09', 'BUY', 'BTC', 0.0059997, 26515, 0, 159) ON CONFLICT (id) DO NOTHING;
INSERT INTO Transaction (id, asset_id, transaction_date, type, ticker, quantity, price_per_unit, fees, total_amount) VALUES ('tx-btc-054', 'a4', '2022-10-27', 'BUY', 'BTC', 0.01062, 20742, 0, 220) ON CONFLICT (id) DO NOTHING;
INSERT INTO Transaction (id, asset_id, transaction_date, type, ticker, quantity, price_per_unit, fees, total_amount) VALUES ('tx-btc-055', 'a4', '2021-08-20', 'BUY', 'BTC', 0.01189645, 42029, 0, 500) ON CONFLICT (id) DO NOTHING;
INSERT INTO Transaction (id, asset_id, transaction_date, type, ticker, quantity, price_per_unit, fees, total_amount) VALUES ('tx-stock-001', 'a9', '2026-02-05', 'BUY', 'AMD', 10, 168.77, 0, 1687.7) ON CONFLICT (id) DO NOTHING;
INSERT INTO Transaction (id, asset_id, transaction_date, type, ticker, quantity, price_per_unit, fees, total_amount) VALUES ('tx-stock-002', 'a9', '2026-02-05', 'BUY', 'MSTR', 30, 103.43, 0, 3102.9) ON CONFLICT (id) DO NOTHING;
-- 5. MIGRACIÓN DE CATEGORÍAS (idempotente: sólo actualiza si aún tienen la categoría genérica FUND)
UPDATE Asset SET category = 'FUND_ACTIVE' WHERE id IN ('a1', 'a6', 'a8') AND category = 'FUND';
UPDATE Asset SET category = 'FUND_INDEX' WHERE id IN ('a3', 'a10', 'a11', 'a12') AND category = 'FUND';

COMMIT;